tile_x,tile_y,lon,lat,quadkey,area_km2,admin_name,pop,dens,class,down_mbps,up_mbps,lat_ms,tests,devices
38254,33092,30.13824462890625,-1.7822442565660293,3001010303101310,0.37356594461738035,Rutunga,258.4425548732622,691.825790324566,Peri-urban,,,,0.0,0.0
38253,33093,30.13275146484375,-1.787734755096775,3001010303101303,0.3735637134163859,Rutunga,264.1971863414951,707.2346077870059,Peri-urban,,,,0.0,0.0
38254,33093,30.13824462890625,-1.787734755096775,3001010303101312,0.3735637134163859,Rutunga,223.13515857362464,597.3148637295806,Peri-urban,,,,0.0,0.0
38255,33093,30.14373779296875,-1.787734755096775,3001010303101313,0.3735637134163859,Rutunga,80.39062123142702,215.19922397232705,Rural,,,,0.0,0.0
38253,33094,30.13275146484375,-1.79322523720571,3001010303101321,0.3735614753680075,Rutunga,174.41956245483956,466.9099303749489,Peri-urban,,,,0.0,0.0
38254,33094,30.13824462890625,-1.79322523720571,3001010303101330,0.3735614753680075,Rutunga,289.90378942012484,776.0537650048931,Peri-urban,,,,0.0,0.0
38255,33094,30.14373779296875,-1.79322523720571,3001010303101331,0.3735614753680075,Rutunga,136.9898312435314,366.71295161948456,Peri-urban,,,,0.0,0.0
38256,33094,30.14923095703125,-1.79322523720571,3001010303110220,0.3735614753680075,Rutunga,136.9898312435314,366.71295161948456,Peri-urban,,,,0.0,0.0
38257,33094,30.15472412109375,-1.79322523720571,3001010303110221,0.3735614753680075,Rutunga,109.63444079784287,293.48433397699387,Rural,,,,0.0,0.0
38258,33094,30.16021728515625,-1.79322523720571,3001010303110230,0.3735614753680075,Rutunga,167.76316851207565,449.09119267934875,Peri-urban,,,,0.0,0.0
38259,33094,30.16571044921875,-1.79322523720571,3001010303110231,0.3735614753680075,Rutunga,167.76316851207565,449.09119267934875,Peri-urban,,,,0.0,0.0
38253,33095,30.13275146484375,-1.7987157028424643,3001010303101323,0.3735592304724095,Rutunga,174.41903837202855,466.9113333150815,Peri-urban,,,,0.0,0.0
38254,33095,30.13824462890625,-1.7987157028424643,3001010303101332,0.3735592304724095,Rutunga,289.9029183389757,776.0560968400097,Peri-urban,,,,0.0,0.0
38255,33095,30.14373779296875,-1.7987157028424643,3001010303101333,0.3735592304724095,Rutunga,136.9894196267676,366.71405349435054,Peri-urban,,,,0.0,0.0
38256,33095,30.14923095703125,-1.7987157028424643,3001010303110222,0.3735592304724095,Rutunga,136.9894196267676,366.71405349435054,Peri-urban,,,,0.0,0.0
38257,33095,30.15472412109375,-1.7987157028424643,3001010303110223,0.3735592304724095,Rutunga,109.63411137650326,293.4852158193442,Rural,,,,0.0,0.0
38258,33095,30.16021728515625,-1.7987157028424643,3001010303110232,0.3735592304724095,Rutunga,167.7626644298976,449.0925420789148,Peri-urban,,,,0.0,0.0
38259,33095,30.16571044921875,-1.7987157028424643,3001010303110233,0.3735592304724095,Rutunga,167.7626644298976,449.0925420789148,Peri-urban,,,,0.0,0.0
38260,33095,30.17120361328125,-1.7987157028424643,3001010303110322,0.3735592304724095,Rutunga,191.35815773965106,512.2565369289796,Peri-urban,,,,0.0,0.0
38253,33096,30.13275146484375,-1.8042061519566712,3001010303103101,0.3735569787297568,Rutunga,201.84016979639438,540.319633386938,Peri-urban,,,,0.0,0.0
38254,33096,30.13824462890625,-1.8042061519566712,3001010303103110,0.3735569787297568,Rutunga,286.7935639911634,767.7371333454304,Peri-urban,,,,0.0,0.0
38255,33096,30.14373779296875,-1.8042061519566712,3001010303103111,0.3735569787297568,Rutunga,311.731356200716,834.4947998581832,Peri-urban,,,,0.0,0.0
38256,33096,30.14923095703125,-1.8042061519566712,3001010303112000,0.3735569787297568,Rutunga,311.731356200716,834.4947998581832,Peri-urban,,,,0.0,0.0
38257,33096,30.15472412109375,-1.8042061519566712,3001010303112001,0.3735569787297568,Rutunga,421.8572038284361,1129.2981468661606,Peri-urban,,,,0.0,0.0
38258,33096,30.16021728515625,-1.8042061519566712,3001010303112010,0.3735569787297568,Rutunga,312.96342770084544,837.7930155797018,Peri-urban,,,,0.0,0.0
38259,33096,30.16571044921875,-1.8042061519566712,3001010303112011,0.3735569787297568,Rutunga,312.96342770084544,837.7930155797018,Peri-urban,,,,0.0,0.0
38260,33096,30.17120361328125,-1.8042061519566712,3001010303112100,0.3735569787297568,Rutunga,155.16687176182856,415.37671786900626,Peri-urban,,,,0.0,0.0
38261,33096,30.17669677734375,-1.8042061519566712,3001010303112101,0.3735569787297568,Rutunga,176.09760941645706,471.40762840319405,Peri-urban,,,,0.0,0.0
38252,33097,30.12725830078125,-1.8096965844979633,3001010303103102,0.37355472014021457,Rutunga,190.21732580950479,509.20873316259076,Peri-urban,,,,0.0,0.0
38253,33097,30.13275146484375,-1.8096965844979633,3001010303103103,0.37355472014021457,Rutunga,190.21732580950479,509.20873316259076,Peri-urban,,,,0.0,0.0
38254,33097,30.13824462890625,-1.8096965844979633,3001010303103112,0.37355472014021457,Rutunga,171.09081262545203,458.0073638508241,Peri-urban,,,,0.0,0.0
38255,33097,30.14373779296875,-1.8096965844979633,3001010303103113,0.37355472014021457,Rutunga,215.56267620441196,577.0578300375914,Peri-urban,,,,0.0,0.0
38256,33097,30.14923095703125,-1.8096965844979633,3001010303112002,0.37355472014021457,Rutunga,215.56267620441196,577.0578300375914,Peri-urban,,,,0.0,0.0
38257,33097,30.15472412109375,-1.8096965844979633,3001010303112003,0.37355472014021457,Rutunga,359.4841886840934,962.3334127571999,Peri-urban,,,,0.0,0.0
38258,33097,30.16021728515625,-1.8096965844979633,3001010303112012,0.37355472014021457,Rutunga,350.4301304626095,938.0958439798989,Peri-urban,,,,0.0,0.0
38259,33097,30.16571044921875,-1.8096965844979633,3001010303112013,0.37355472014021457,Rutunga,350.4301304626095,938.0958439798989,Peri-urban,,,,0.0,0.0
38260,33097,30.17120361328125,-1.8096965844979633,3001010303112102,0.37355472014021457,Rutunga,190.15067453761736,509.03030877576356,Peri-urban,,,,0.0,0.0
38261,33097,30.17669677734375,-1.8096965844979633,3001010303112103,0.37355472014021457,Rutunga,231.90153830461776,620.7967020670305,Peri-urban,,,,0.0,0.0
38262,33097,30.18218994140625,-1.8096965844979633,3001010303112112,0.37355472014021457,Rutunga,231.90153830461776,620.7967020670305,Peri-urban,,,,0.0,0.0
38247,33098,30.09979248046875,-1.815187000415974,3001010303102131,0.37355245470394893,Nduba,378.8749972068063,1014.2484474023217,Peri-urban,,,,0.0,0.0
38248,33098,30.10528564453125,-1.815187000415974,3001010303103020,0.37355245470394893,Nduba,143.6411816079669,384.5274734489609,Peri-urban,,,,0.0,0.0
38251,33098,30.12176513671875,-1.815187000415974,3001010303103031,0.37355245470394893,Nduba,248.70266911792442,665.7770976636425,Peri-urban,,,,0.0,0.0
38252,33098,30.12725830078125,-1.815187000415974,3001010303103120,0.37355245470394893,Nduba,190.2167490186649,509.210277227109,Peri-urban,,,,0.0,0.0
38253,33098,30.13275146484375,-1.815187000415974,3001010303103121,0.37355245470394893,Nduba,190.2167490186649,509.210277227109,Peri-urban,,,,0.0,0.0
38254,33098,30.13824462890625,-1.815187000415974,3001010303103130,0.37355245470394893,Nduba,171.0902938314195,458.0087526583475,Peri-urban,,,,0.0,0.0
38255,33098,30.14373779296875,-1.815187000415974,3001010303103131,0.37355245470394893,Rutunga,215.56202255955324,577.0595798397104,Peri-urban,,,,0.0,0.0
38256,33098,30.14923095703125,-1.815187000415974,3001010303112020,0.37355245470394893,Rutunga,215.56202255955324,577.0595798397104,Peri-urban,,,,0.0,0.0
38257,33098,30.15472412109375,-1.815187000415974,3001010303112021,0.37355245470394893,Rutunga,359.48309862993443,962.3363308235656,Peri-urban,,,,0.0,0.0
38258,33098,30.16021728515625,-1.815187000415974,3001010303112030,0.37355245470394893,Rutunga,350.4290678628258,938.098688551119,Peri-urban,,,,0.0,0.0
38259,33098,30.16571044921875,-1.815187000415974,3001010303112031,0.37355245470394893,Rutunga,350.4290678628258,938.098688551119,Peri-urban,,,,0.0,0.0
38260,33098,30.17120361328125,-1.815187000415974,3001010303112120,0.37355245470394893,Rutunga,190.15009794888232,509.03185229924867,Peri-urban,,,,0.0,0.0
38261,33098,30.17669677734375,-1.815187000415974,3001010303112121,0.37355245470394893,Rutunga,231.90083511587045,620.7985844977476,Peri-urban,,,,0.0,0.0
38262,33098,30.18218994140625,-1.815187000415974,3001010303112130,0.37355245470394893,Rutunga,231.90083511587045,620.7985844977476,Peri-urban,,,,0.0,0.0
38263,33098,30.18768310546875,-1.815187000415974,3001010303112131,0.37355245470394893,Rutunga,109.72698900517119,293.7391727010146,Rural,,,,0.0,0.0
38246,33099,30.09429931640625,-1.8206773996603365,3001010303102132,0.3735501824211259,Nduba,119.20047890651922,319.1016482281817,Peri-urban,,,,0.0,0.0
38247,33099,30.09979248046875,-1.8206773996603365,3001010303102133,0.3735501824211259,Nduba,119.20047890651922,319.1016482281817,Peri-urban,,,,0.0,0.0
38248,33099,30.10528564453125,-1.8206773996603365,3001010303103022,0.3735501824211259,Nduba,318.25707628711416,851.9794428271047,Peri-urban,,,,0.0,0.0
38249,33099,30.11077880859375,-1.8206773996603365,3001010303103023,0.3735501824211259,Nduba,96.69532993908976,258.8549932230503,Rural,,,,0.0,0.0
38250,33099,30.11627197265625,-1.8206773996603365,3001010303103032,0.3735501824211259,Nduba,96.69532993908976,258.8549932230503,Rural,,,,0.0,0.0
38251,33099,30.12176513671875,-1.8206773996603365,3001010303103033,0.3735501824211259,Nduba,173.05252474724725,463.26446322586605,Peri-urban,,,,0.0,0.0
38252,33099,30.12725830078125,-1.8206773996603365,3001010303103122,0.3735501824211259,Nduba,521.3535701970113,1395.6721070725048,Peri-urban,,,,0.0,0.0
38253,33099,30.13275146484375,-1.8206773996603365,3001010303103123,0.3735501824211259,Nduba,521.3535701970113,1395.6721070725048,Peri-urban,,,,0.0,0.0
38254,33099,30.13824462890625,-1.8206773996603365,3001010303103132,0.3735501824211259,Nduba,406.64717444906404,1088.6011935891008,Peri-urban,,,,0.0,0.0
38255,33099,30.14373779296875,-1.8206773996603365,3001010303103133,0.3735501824211259,Nduba,228.62616448582563,612.0360134855493,Peri-urban,,,,0.0,0.0
38256,33099,30.14923095703125,-1.8206773996603365,3001010303112022,0.3735501824211259,Rutunga,228.62616448582563,612.0360134855493,Peri-urban,,,,0.0,0.0
38257,33099,30.15472412109375,-1.8206773996603365,3001010303112023,0.3735501824211259,Rutunga,215.94710132468865,578.0939522637906,Peri-urban,,,,0.0,0.0
38258,33099,30.16021728515625,-1.8206773996603365,3001010303112032,0.3735501824211259,Rutunga,292.25098878271,782.3607176109946,Peri-urban,,,,0.0,0.0
38259,33099,30.16571044921875,-1.8206773996603365,3001010303112033,0.3735501824211259,Rutunga,292.25098878271,782.3607176109946,Peri-urban,,,,0.0,0.0
38260,33099,30.17120361328125,-1.8206773996603365,3001010303112122,0.3735501824211259,Rutunga,329.1264916821784,881.0770471291968,Peri-urban,,,,0.0,0.0
38261,33099,30.17669677734375,-1.8206773996603365,3001010303112123,0.3735501824211259,Rutunga,198.19944988355016,530.5831966108045,Peri-urban,,,,0.0,0.0
38262,33099,30.18218994140625,-1.8206773996603365,3001010303112132,0.3735501824211259,Rutunga,198.19944988355016,530.5831966108045,Peri-urban,,,,0.0,0.0
38263,33099,30.18768310546875,-1.8206773996603365,3001010303112133,0.3735501824211259,Rutunga,223.13399960439213,597.333397505451,Peri-urban,,,,0.0,0.0
38264,33099,30.19317626953125,-1.8206773996603365,3001010303113022,0.3735501824211259,Rutunga,108.94121583836345,291.6374317696019,Rural,,,,0.0,0.0
38243,33100,30.07781982421875,-1.826167782180688,3001010303102211,0.37354790329191245,Jabana,213.62389042021118,571.8781675325663,Peri-urban,,,,0.0,0.0
38244,33100,30.08331298828125,-1.826167782180688,3001010303102300,0.37354790329191245,Nduba,213.62389042021118,571.8781675325663,Peri-urban,,,,0.0,0.0
38245,33100,30.08880615234375,-1.826167782180688,3001010303102301,0.37354790329191245,Nduba,475.6012028069771,1273.2000330231117,Peri-urban,,,,0.0,0.0
38246,33100,30.09429931640625,-1.826167782180688,3001010303102310,0.37354790329191245,Nduba,699.0459317584473,1871.368907703844,Urban,,,,0.0,0.0
38247,33100,30.09979248046875,-1.826167782180688,3001010303102311,0.37354790329191245,Nduba,699.0459317584473,1871.368907703844,Urban,,,,0.0,0.0
38248,33100,30.10528564453125,-1.826167782180688,3001010303103200,0.37354790329191245,Nduba,569.247213416026,1523.8934776490569,Urban,16.84,0.99,31.0,8.0,1.0
38249,33100,30.11077880859375,-1.826167782180688,3001010303103201,0.37354790329191245,Nduba,244.45419238780113,654.4118980016605,Peri-urban,,,,0.0,0.0
38250,33100,30.11627197265625,-1.826167782180688,3001010303103210,0.37354790329191245,Nduba,244.45419238780113,654.4118980016605,Peri-urban,,,,0.0,0.0
38251,33100,30.12176513671875,-1.826167782180688,3001010303103211,0.37354790329191245,Nduba,228.48866971193482,611.6716696797525,Peri-urban,,,,0.0,0.0
38252,33100,30.12725830078125,-1.826167782180688,3001010303103300,0.37354790329191245,Nduba,717.2974054070967,1920.2287018234392,Urban,,,,0.0,0.0
38253,33100,30.13275146484375,-1.826167782180688,3001010303103301,0.37354790329191245,Nduba,717.2974054070967,1920.2287018234392,Urban,,,,0.0,0.0
38254,33100,30.13824462890625,-1.826167782180688,3001010303103310,0.37354790329191245,Nduba,312.4549223638406,836.4520844858546,Peri-urban,,,,0.0,0.0
38255,33100,30.14373779296875,-1.826167782180688,3001010303103311,0.37354790329191245,Bumbogo,369.06192486176985,987.990888476124,Peri-urban,,,,0.0,0.0
38256,33100,30.14923095703125,-1.826167782180688,3001010303112200,0.37354790329191245,Bumbogo,369.06192486176985,987.990888476124,Peri-urban,,,,0.0,0.0
38257,33100,30.15472412109375,-1.826167782180688,3001010303112201,0.37354790329191245,Bumbogo,479.75011655624365,1284.3068113310717,Peri-urban,,,,0.0,0.0
38258,33100,30.16021728515625,-1.826167782180688,3001010303112210,0.37354790329191245,Rutunga,173.83974228901351,465.3746969452666,Peri-urban,,,,0.0,0.0
38259,33100,30.16571044921875,-1.826167782180688,3001010303112211,0.37354790329191245,Rutunga,173.83974228901351,465.3746969452666,Peri-urban,,,,0.0,0.0
38260,33100,30.17120361328125,-1.826167782180688,3001010303112300,0.37354790329191245,Rutunga,249.34911320579656,667.5157617226415,Peri-urban,,,,0.0,0.0
38261,33100,30.17669677734375,-1.826167782180688,3001010303112301,0.37354790329191245,Rutunga,150.98009912642158,404.1786817591552,Peri-urban,,,,0.0,0.0
38262,33100,30.18218994140625,-1.826167782180688,3001010303112310,0.37354790329191245,Rutunga,150.98009912642158,404.1786817591552,Peri-urban,,,,0.0,0.0
38263,33100,30.18768310546875,-1.826167782180688,3001010303112311,0.37354790329191245,Rutunga,281.66741292450087,754.0329110196859,Peri-urban,,,,0.0,0.0
38264,33100,30.19317626953125,-1.826167782180688,3001010303113200,0.37354790329191245,Rutunga,164.60035907768943,440.6405647766706,Peri-urban,,,,0.0,0.0
38265,33100,30.19866943359375,-1.826167782180688,3001010303113201,0.37354790329191245,Rutunga,164.60035907768943,440.6405647766706,Peri-urban,,,,0.0,0.0
38240,33101,30.06134033203125,-1.831658147926662,3001010303102202,0.37354561731647595,Jabana,513.1245301876448,1373.6596185330548,Peri-urban,,,,0.0,0.0
38241,33101,30.06683349609375,-1.831658147926662,3001010303102203,0.37354561731647595,Jabana,290.41122483288683,777.4451402192309,Peri-urban,,,,0.0,0.0
38242,33101,30.07232666015625,-1.831658147926662,3001010303102212,0.37354561731647595,Jabana,290.41122483288683,777.4451402192309,Peri-urban,,,,0.0,0.0
38243,33101,30.07781982421875,-1.831658147926662,3001010303102213,0.37354561731647595,Jabana,213.6232367694893,571.879917382361,Peri-urban,,,,0.0,0.0
38244,33101,30.08331298828125,-1.831658147926662,3001010303102302,0.37354561731647595,Nduba,213.6232367694893,571.879917382361,Peri-urban,,,,0.0,0.0
38245,33101,30.08880615234375,-1.831658147926662,3001010303102303,0.37354561731647595,Nduba,475.59974755275,1273.203928798371,Peri-urban,21.068,1.158,20.0,1.0,1.0
38246,33101,30.09429931640625,-1.831658147926662,3001010303102312,0.37354561731647595,Nduba,699.043792803497,1871.3746337739842,Urban,,,,0.0,0.0
38247,33101,30.09979248046875,-1.831658147926662,3001010303102313,0.37354561731647595,Nduba,699.043792803497,1871.3746337739842,Urban,,,,0.0,0.0
38248,33101,30.10528564453125,-1.831658147926662,3001010303103202,0.37354561731647595,Nduba,569.2454716218324,1523.8981405035606,Urban,,,,0.0,0.0
38249,33101,30.11077880859375,-1.831658147926662,3001010303103203,0.37354561731647595,Nduba,244.45344440189467,654.4139003906139,Peri-urban,,,,0.0,0.0
38250,33101,30.11627197265625,-1.831658147926662,3001010303103212,0.37354561731647595,Nduba,244.45344440189467,654.4139003906139,Peri-urban,,,,0.0,0.0
38251,33101,30.12176513671875,-1.831658147926662,3001010303103213,0.37354561731647595,Nduba,228.48797057765915,611.6735412908865,Peri-urban,,,,0.0,0.0
38252,33101,30.12725830078125,-1.831658147926662,3001010303103302,0.37354561731647595,Nduba,717.2952106059163,1920.234577396228,Urban,,,,0.0,0.0
38253,33101,30.13275146484375,-1.831658147926662,3001010303103303,0.37354561731647595,Nduba,717.2952106059163,1920.234577396228,Urban,,,,0.0,0.0
38254,33101,30.13824462890625,-1.831658147926662,3001010303103312,0.37354561731647595,Nduba,312.45396630791845,836.4546438867751,Peri-urban,,,,0.0,0.0
38255,33101,30.14373779296875,-1.831658147926662,3001010303103313,0.37354561731647595,Bumbogo,369.0607955985909,987.9939115599758,Peri-urban,,,,0.0,0.0
38256,33101,30.14923095703125,-1.831658147926662,3001010303112202,0.37354561731647595,Bumbogo,369.0607955985909,987.9939115599758,Peri-urban,,,,0.0,0.0
38257,33101,30.15472412109375,-1.831658147926662,3001010303112203,0.37354561731647595,Bumbogo,479.748648607086,1284.3107410911812,Peri-urban,,,,0.0,0.0
38258,33101,30.16021728515625,-1.831658147926662,3001010303112212,0.37354561731647595,Rutunga,173.83921037063672,465.3761209125802,Peri-urban,,,,0.0,0.0
38259,33101,30.16571044921875,-1.831658147926662,3001010303112213,0.37354561731647595,Rutunga,173.83921037063672,465.3761209125802,Peri-urban,,,,0.0,0.0
38260,33101,30.17120361328125,-1.831658147926662,3001010303112302,0.37354561731647595,Rutunga,249.34835024231194,667.5178042071863,Peri-urban,,,,0.0,0.0
38261,33101,30.17669677734375,-1.831658147926662,3001010303112303,0.37354561731647595,Rutunga,150.97963715444556,404.17991847708475,Peri-urban,,,,0.0,0.0
38262,33101,30.18218994140625,-1.831658147926662,3001010303112312,0.37354561731647595,Rutunga,150.97963715444556,404.17991847708475,Peri-urban,,,,0.0,0.0
38263,33101,30.18768310546875,-1.831658147926662,3001010303112313,0.37354561731647595,Rutunga,281.6665510728258,754.0352182319725,Peri-urban,,,,0.0,0.0
38264,33101,30.19317626953125,-1.831658147926662,3001010303113202,0.37354561731647595,Rutunga,164.5998554301652,440.64191306175235,Peri-urban,,,,0.0,0.0
38265,33101,30.19866943359375,-1.831658147926662,3001010303113203,0.37354561731647595,Rutunga,164.5998554301652,440.64191306175235,Peri-urban,,,,0.0,0.0
38266,33101,30.20416259765625,-1.831658147926662,3001010303113212,0.37354561731647595,Rutunga,154.83737110502037,414.5072621045873,Peri-urban,,,,0.0,0.0
38240,33102,30.06134033203125,-1.8371484968478962,3001010303102220,0.3735433244949842,Jabana,358.64316876388096,960.1113050239952,Peri-urban,,,,0.0,0.0
38241,33102,30.06683349609375,-1.8371484968478962,3001010303102221,0.3735433244949842,Jabana,452.85233716246586,1212.3154329546762,Peri-urban,,,,0.0,0.0
38242,33102,30.07232666015625,-1.8371484968478962,3001010303102230,0.3735433244949842,Jabana,452.85233716246586,1212.3154329546762,Peri-urban,,,,0.0,0.0
38243,33102,30.07781982421875,-1.8371484968478962,3001010303102231,0.3735433244949842,Jabana,302.68492210934517,810.3074054892113,Peri-urban,,,,0.0,0.0
38244,33102,30.08331298828125,-1.8371484968478962,3001010303102320,0.3735433244949842,Nduba,302.68492210934517,810.3074054892113,Peri-urban,,,,0.0,0.0
38245,33102,30.08880615234375,-1.8371484968478962,3001010303102321,0.3735433244949842,Nduba,403.4076685059031,1079.948809288171,Peri-urban,,,,0.0,0.0
38246,33102,30.09429931640625,-1.8371484968478962,3001010303102330,0.3735433244949842,Nduba,419.06963785560475,1121.8769293285334,Peri-urban,,,,0.0,0.0
38247,33102,30.09979248046875,-1.8371484968478962,3001010303102331,0.3735433244949842,Nduba,419.06963785560475,1121.8769293285334,Peri-urban,,,,0.0,0.0
38248,33102,30.10528564453125,-1.8371484968478962,3001010303103220,0.3735433244949842,Nduba,418.187425988527,1119.5151902497519,Peri-urban,,,,0.0,0.0
38249,33102,30.11077880859375,-1.8371484968478962,3001010303103221,0.3735433244949842,Nduba,512.4175702031783,1371.7754718169483,Peri-urban,,,,0.0,0.0
38250,33102,30.11627197265625,-1.8371484968478962,3001010303103230,0.3735433244949842,Nduba,512.4175702031783,1371.7754718169483,Peri-urban,,,,0.0,0.0
38251,33102,30.12176513671875,-1.8371484968478962,3001010303103231,0.3735433244949842,Nduba,463.09248504762513,1239.7289810324087,Peri-urban,,,,0.0,0.0
38252,33102,30.12725830078125,-1.8371484968478962,3001010303103320,0.3735433244949842,Nduba,434.3323995303226,1162.7363442179642,Peri-urban,,,,0.0,0.0
38253,33102,30.13275146484375,-1.8371484968478962,3001010303103321,0.3735433244949842,Nduba,434.3323995303226,1162.7363442179642,Peri-urban,,,,0.0,0.0
38254,33102,30.13824462890625,-1.8371484968478962,3001010303103330,0.3735433244949842,Nduba,298.9702278432144,800.3629250968688,Peri-urban,,,,0.0,0.0
38255,33102,30.14373779296875,-1.8371484968478962,3001010303103331,0.3735433244949842,Bumbogo,506.4366871982096,1355.7642554123863,Peri-urban,,,,0.0,0.0
38256,33102,30.14923095703125,-1.8371484968478962,3001010303112220,0.3735433244949842,Bumbogo,506.4366871982096,1355.7642554123863,Peri-urban,,,,0.0,0.0
38257,33102,30.15472412109375,-1.8371484968478962,3001010303112221,0.3735433244949842,Bumbogo,352.2824793794505,943.0833220101644,Peri-urban,,,,0.0,0.0
38258,33102,30.16021728515625,-1.8371484968478962,3001010303112230,0.3735433244949842,Bumbogo,241.03921369367012,645.2777974805081,Peri-urban,,,,0.0,0.0
38259,33102,30.16571044921875,-1.8371484968478962,3001010303112231,0.3735433244949842,Rutunga,241.03921369367012,645.2777974805081,Peri-urban,,,,0.0,0.0
38260,33102,30.17120361328125,-1.8371484968478962,3001010303112320,0.3735433244949842,Rutunga,208.01030942575503,556.8572526546332,Peri-urban,,,,0.0,0.0
38261,33102,30.17669677734375,-1.8371484968478962,3001010303112321,0.3735433244949842,Rutunga,231.67586025744424,620.2114856975717,Peri-urban,,,,0.0,0.0
38262,33102,30.18218994140625,-1.8371484968478962,3001010303112330,0.3735433244949842,Rutunga,231.67586025744424,620.2114856975717,Peri-urban,,,,0.0,0.0
38263,33102,30.18768310546875,-1.8371484968478962,3001010303112331,0.3735433244949842,Rutunga,361.416513238757,967.5357302325716,Peri-urban,,,,0.0,0.0
38264,33102,30.19317626953125,-1.8371484968478962,3001010303113220,0.3735433244949842,Rutunga,252.6498616222009,676.3602641374291,Peri-urban,,,,0.0,0.0
38265,33102,30.19866943359375,-1.8371484968478962,3001010303113221,0.3735433244949842,Rutunga,252.6498616222009,676.3602641374291,Peri-urban,,,,0.0,0.0
38266,33102,30.20416259765625,-1.8371484968478962,3001010303113230,0.3735433244949842,Rutunga,189.22603914967064,506.57052807862857,Peri-urban,,,,0.0,0.0
38267,33102,30.20965576171875,-1.8371484968478962,3001010303113231,0.3735433244949842,Rutunga,79.82484241031702,213.6963430366131,Rural,,,,0.0,0.0
38229,33103,30.00091552734375,-1.8426388288940276,3001010303012323,0.3735410248276056,Jali,274.6883540552141,735.3632822043754,Peri-urban,,,,0.0,0.0
38230,33103,30.00640869140625,-1.8426388288940276,3001010303012332,0.3735410248276056,Jali,274.6883540552141,735.3632822043754,Peri-urban,,,,0.0,0.0
38231,33103,30.01190185546875,-1.8426388288940276,3001010303012333,0.3735410248276056,Jali,117.88365670738078,315.58423003680986,Peri-urban,,,,0.0,0.0
38232,33103,30.01739501953125,-1.8426388288940276,3001010303013222,0.3735410248276056,Jali,348.92482107495806,934.1004009827079,Peri-urban,,,,0.0,0.0
38240,33103,30.06134033203125,-1.8426388288940276,3001010303102222,0.3735410248276056,Jabana,208.24316447217663,557.484052971916,Peri-urban,,,,0.0,0.0
38241,33103,30.06683349609375,-1.8426388288940276,3001010303102223,0.3735410248276056,Jabana,468.9892487405018,1255.5227339672983,Peri-urban,,,,0.0,0.0
38242,33103,30.07232666015625,-1.8426388288940276,3001010303102232,0.3735410248276056,Jabana,468.9892487405018,1255.5227339672983,Peri-urban,,,,0.0,0.0
38243,33103,30.07781982421875,-1.8426388288940276,3001010303102233,0.3735410248276056,Jabana,585.1518930734652,1566.499672542048,Urban,58.796,28.067,16.0,5.0,1.0
38244,33103,30.08331298828125,-1.8426388288940276,3001010303102322,0.3735410248276056,Jabana,585.1518930734652,1566.499672542048,Urban,,,,0.0,0.0
38245,33103,30.08880615234375,-1.8426388288940276,3001010303102323,0.3735410248276056,Jabana,388.41837163513986,1039.8278791851587,Peri-urban,,,,0.0,0.0
38246,33103,30.09429931640625,-1.8426388288940276,3001010303102332,0.3735410248276056,Nduba,257.4651538247365,689.2553607560515,Peri-urban,,,,0.0,0.0
38247,33103,30.09979248046875,-1.8426388288940276,3001010303102333,0.3735410248276056,Nduba,257.4651538247365,689.2553607560515,Peri-urban,,,,0.0,0.0
38248,33103,30.10528564453125,-1.8426388288940276,3001010303103222,0.3735410248276056,Nduba,414.43764384120817,1109.483607677301,Peri-urban,,,,0.0,0.0
38249,33103,30.11077880859375,-1.8426388288940276,3001010303103223,0.3735410248276056,Nduba,467.8623758616278,1252.5060027276866,Peri-urban,,,,0.0,0.0
38250,33103,30.11627197265625,-1.8426388288940276,3001010303103232,0.3735410248276056,Nduba,467.8623758616278,1252.5060027276866,Peri-urban,,,,0.0,0.0
38251,33103,30.12176513671875,-1.8426388288940276,3001010303103233,0.3735410248276056,Nduba,388.9347594105913,1041.2102916676693,Peri-urban,,,,0.0,0.0
38252,33103,30.12725830078125,-1.8426388288940276,3001010303103322,0.3735410248276056,Nduba,319.36259499515785,854.9598940104321,Peri-urban,,,,0.0,0.0
38253,33103,30.13275146484375,-1.8426388288940276,3001010303103323,0.3735410248276056,Nduba,319.36259499515785,854.9598940104321,Peri-urban,,,,0.0,0.0
38254,33103,30.13824462890625,-1.8426388288940276,3001010303103332,0.3735410248276056,Nduba,386.67012547649256,1035.1476806461785,Peri-urban,,,,0.0,0.0
38255,33103,30.14373779296875,-1.8426388288940276,3001010303103333,0.3735410248276056,Bumbogo,437.5034181520548,1171.2325797520332,Peri-urban,,,,0.0,0.0
38256,33103,30.14923095703125,-1.8426388288940276,3001010303112222,0.3735410248276056,Bumbogo,437.5034181520548,1171.2325797520332,Peri-urban,,,,0.0,0.0
38257,33103,30.15472412109375,-1.8426388288940276,3001010303112223,0.3735410248276056,Bumbogo,427.42376895560295,1144.2485310759776,Peri-urban,,,,0.0,0.0
38258,33103,30.16021728515625,-1.8426388288940276,3001010303112232,0.3735410248276056,Bumbogo,314.9668140340822,843.1920273802423,Peri-urban,,,,0.0,0.0
38259,33103,30.16571044921875,-1.8426388288940276,3001010303112233,0.3735410248276056,Rutunga,314.9668140340822,843.1920273802423,Peri-urban,,,,0.0,0.0
38260,33103,30.17120361328125,-1.8426388288940276,3001010303112322,0.3735410248276056,Rutunga,198.1511059570899,530.4667835307765,Peri-urban,,,,0.0,0.0
38261,33103,30.17669677734375,-1.8426388288940276,3001010303112323,0.3735410248276056,Rutunga,124.59204095792337,333.54312559222734,Peri-urban,,,,0.0,0.0
38262,33103,30.18218994140625,-1.8426388288940276,3001010303112332,0.3735410248276056,Rutunga,124.59204095792337,333.54312559222734,Peri-urban,,,,0.0,0.0
38263,33103,30.18768310546875,-1.8426388288940276,3001010303112333,0.3735410248276056,Rutunga,285.3154810404715,763.8129738819146,Peri-urban,,,,0.0,0.0
38264,33103,30.19317626953125,-1.8426388288940276,3001010303113222,0.3735410248276056,Rutunga,302.0803904560744,808.6940131823237,Peri-urban,,,,0.0,0.0
38265,33103,30.19866943359375,-1.8426388288940276,3001010303113223,0.3735410248276056,Rutunga,302.0803904560744,808.6940131823237,Peri-urban,,,,0.0,0.0
38266,33103,30.20416259765625,-1.8426388288940276,3001010303113232,0.3735410248276056,Rutunga,149.28762582289772,399.6552343662816,Peri-urban,,,,0.0,0.0
38267,33103,30.20965576171875,-1.8426388288940276,3001010303113233,0.3735410248276056,Rutunga,180.10156519570955,482.14668061916075,Peri-urban,,,,0.0,0.0
38268,33103,30.21514892578125,-1.8426388288940276,3001010303113322,0.3735410248276056,Rutunga,180.10156519570955,482.14668061916075,Peri-urban,,,,0.0,0.0
38269,33103,30.22064208984375,-1.8426388288940276,3001010303113323,0.3735410248276056,Rutunga,187.60946983687944,502.2459579197863,Peri-urban,,,,0.0,0.0
38228,33104,29.99542236328125,-1.8481291440146947,3001010303030100,0.37353871831450886,Jali,304.65364960777055,815.5878752875651,Peri-urban,,,,0.0,0.0
38229,33104,30.00091552734375,-1.8481291440146947,3001010303030101,0.37353871831450886,Jali,274.68750599138434,735.3655525479031,Peri-urban,,,,0.0,0.0
38230,33104,30.00640869140625,-1.8481291440146947,3001010303030110,0.37353871831450886,Jali,274.68750599138434,735.3655525479031,Peri-urban,,,,0.0,0.0
38231,33104,30.01190185546875,-1.8481291440146947,3001010303030111,0.37353871831450886,Jali,117.88329275723906,315.585204364236,Peri-urban,,,,0.0,0.0
38232,33104,30.01739501953125,-1.8481291440146947,3001010303031000,0.37353871831450886,Jali,348.9237438158908,934.1032849026029,Peri-urban,,,,0.0,0.0
38238,33104,30.05035400390625,-1.8481291440146947,3001010303031110,0.37353871831450886,Jabana,250.70594463198594,671.1645469129087,Peri-urban,,,,0.0,0.0
38239,33104,30.05584716796875,-1.8481291440146947,3001010303031111,0.37353871831450886,Jabana,250.70594463198594,671.1645469129087,Peri-urban,,,,0.0,0.0
38240,33104,30.06134033203125,-1.8481291440146947,3001010303120000,0.37353871831450886,Jabana,208.24252154904943,557.4857741352403,Peri-urban,,,,0.0,0.0
38241,33104,30.06683349609375,-1.8481291440146947,3001010303120001,0.37353871831450886,Jabana,468.98780079845204,1255.526610239043,Peri-urban,,,,0.0,0.0
38242,33104,30.07232666015625,-1.8481291440146947,3001010303120010,0.37353871831450886,Jabana,468.98780079845204,1255.526610239043,Peri-urban,,,,0.0,0.0
38243,33104,30.07781982421875,-1.8481291440146947,3001010303120011,0.37353871831450886,Jabana,585.150086494671,1566.5045089167743,Urban,50.076,28.012,16.0,2.0,1.0
38244,33104,30.08331298828125,-1.8481291440146947,3001010303120100,0.37353871831450886,Jabana,585.150086494671,1566.5045089167743,Urban,,,,0.0,0.0
38245,33104,30.08880615234375,-1.8481291440146947,3001010303120101,0.37353871831450886,Jabana,388.4171724449778,1039.8310895256157,Peri-urban,14.949,14.076,13.0,1.0,1.0
38246,33104,30.09429931640625,-1.8481291440146947,3001010303120110,0.37353871831450886,Jabana,257.4643589352511,689.2574887470528,Peri-urban,,,,0.0,0.0
38247,33104,30.09979248046875,-1.8481291440146947,3001010303120111,0.37353871831450886,Nduba,257.4643589352511,689.2574887470528,Peri-urban,,,,0.0,0.0
38248,33104,30.10528564453125,-1.8481291440146947,3001010303121000,0.37353871831450886,Nduba,414.4363643199971,1109.4870330712374,Peri-urban,,,,0.0,0.0
38249,33104,30.11077880859375,-1.8481291440146947,3001010303121001,0.37353871831450886,Nduba,467.86093139864835,1252.509869685645,Peri-urban,,,,0.0,0.0
38250,33104,30.11627197265625,-1.8481291440146947,3001010303121010,0.37353871831450886,Nduba,467.86093139864835,1252.509869685645,Peri-urban,,,,0.0,0.0
38251,33104,30.12176513671875,-1.8481291440146947,3001010303121011,0.37353871831450886,Nduba,388.93355862615056,1041.2135062761545,Peri-urban,,,,0.0,0.0
38252,33104,30.12725830078125,-1.8481291440146947,3001010303121100,0.37353871831450886,Nduba,319.3616090055394,854.9625335937628,Peri-urban,,,,0.0,0.0
38253,33104,30.13275146484375,-1.8481291440146947,3001010303121101,0.37353871831450886,Nduba,319.3616090055394,854.9625335937628,Peri-urban,,,,0.0,0.0
38254,33104,30.13824462890625,-1.8481291440146947,3001010303121110,0.37353871831450886,Nduba,386.6689316838084,1035.150876537099,Peri-urban,,,,0.0,0.0
38255,33104,30.14373779296875,-1.8481291440146947,3001010303121111,0.37353871831450886,Bumbogo,437.50206741832733,1171.2361957883122,Peri-urban,,,,0.0,0.0
38256,33104,30.14923095703125,-1.8481291440146947,3001010303130000,0.37353871831450886,Bumbogo,437.50206741832733,1171.2361957883122,Peri-urban,,,,0.0,0.0
38257,33104,30.15472412109375,-1.8481291440146947,3001010303130001,0.37353871831450886,Bumbogo,427.42244934145435,1144.2520638023311,Peri-urban,,,,0.0,0.0
38258,33104,30.16021728515625,-1.8481291440146947,3001010303130010,0.37353871831450886,Bumbogo,314.96584161585395,843.1946306317349,Peri-urban,,,,0.0,0.0
38259,33104,30.16571044921875,-1.8481291440146947,3001010303130011,0.37353871831450886,Bumbogo,314.96584161585395,843.1946306317349,Peri-urban,,,,0.0,0.0
38260,33104,30.17120361328125,-1.8481291440146947,3001010303130100,0.37353871831450886,Bumbogo,198.15049419185365,530.4684212816103,Peri-urban,,,,0.0,0.0
38261,33104,30.17669677734375,-1.8481291440146947,3001010303130101,0.37353871831450886,Rutunga,124.5916562965358,333.54415536553086,Peri-urban,,,,0.0,0.0
38262,33104,30.18218994140625,-1.8481291440146947,3001010303130110,0.37353871831450886,Rutunga,124.5916562965358,333.54415536553086,Peri-urban,,,,0.0,0.0
38263,33104,30.18768310546875,-1.8481291440146947,3001010303130111,0.37353871831450886,Rutunga,285.31460016679785,763.81533206036,Peri-urban,,,,0.0,0.0
38264,33104,30.19317626953125,-1.8481291440146947,3001010303131000,0.37353871831450886,Rutunga,302.07945782296827,808.6965099254478,Peri-urban,,,,0.0,0.0
38265,33104,30.19866943359375,-1.8481291440146947,3001010303131001,0.37353871831450886,Rutunga,302.07945782296827,808.6965099254478,Peri-urban,,,,0.0,0.0
38266,33104,30.20416259765625,-1.8481291440146947,3001010303131010,0.37353871831450886,Rutunga,149.2871649171701,399.65646825257505,Peri-urban,,,,0.0,0.0
38267,33104,30.20965576171875,-1.8481291440146947,3001010303131011,0.37353871831450886,Rutunga,180.10100915603448,482.1481691876305,Peri-urban,,,,0.0,0.0
38268,33104,30.21514892578125,-1.8481291440146947,3001010303131100,0.37353871831450886,Rutunga,180.10100915603448,482.1481691876305,Peri-urban,,,,0.0,0.0
38269,33104,30.22064208984375,-1.8481291440146947,3001010303131101,0.37353871831450886,Gikomero,187.60889061754543,502.24750854229825,Peri-urban,,,,0.0,0.0
38270,33104,30.22613525390625,-1.8481291440146947,3001010303131110,0.37353871831450886,Gikomero,126.8923768983113,339.7034113916715,Peri-urban,,,,0.0,0.0
38271,33104,30.23162841796875,-1.8481291440146947,3001010303131111,0.37353871831450886,Gikomero,126.8923768983113,339.7034113916715,Peri-urban,,,,0.0,0.0
38272,33104,30.23712158203125,-1.8481291440146947,3001010312020000,0.37353871831450886,Gikomero,109.97573906615015,294.41590302174177,Rural,,,,0.0,0.0
38273,33104,30.24261474609375,-1.8481291440146947,3001010312020001,0.37353871831450886,Gikomero,68.70975816111093,183.94280108671168,Rural,,,,0.0,0.0
38274,33104,30.24810791015625,-1.8481291440146947,3001010312020010,0.37353871831450886,Gikomero,68.70975816111093,183.94280108671168,Rural,,,,0.0,0.0
38228,33105,29.99542236328125,-1.8536194421595367,3001010303030102,0.3735364049558634,Jali,371.7096875350134,995.1096669652164,Peri-urban,,,,0.0,0.0
38229,33105,30.00091552734375,-1.8536194421595367,3001010303030103,0.3735364049558634,Jali,435.82637235788957,1166.7574206304905,Peri-urban,,,,0.0,0.0
38230,33105,30.00640869140625,-1.8536194421595367,3001010303030112,0.3735364049558634,Jali,435.82637235788957,1166.7574206304905,Peri-urban,,,,0.0,0.0
38231,33105,30.01190185546875,-1.8536194421595367,3001010303030113,0.3735364049558634,Jali,170.354873355603,456.05962657302956,Peri-urban,,,,0.0,0.0
38232,33105,30.01739501953125,-1.8536194421595367,3001010303031002,0.3735364049558634,Jali,432.0244475061254,1156.5792296929476,Peri-urban,,,,0.0,0.0
38233,33105,30.02288818359375,-1.8536194421595367,3001010303031003,0.3735364049558634,Jali,432.0244475061254,1156.5792296929476,Peri-urban,,,,0.0,0.0
38238,33105,30.05035400390625,-1.8536194421595367,3001010303031112,0.3735364049558634,Jabana,591.9155011692993,1584.6260051660543,Urban,,,,0.0,0.0
38239,33105,30.05584716796875,-1.8536194421595367,3001010303031113,0.3735364049558634,Jabana,591.9155011692993,1584.6260051660543,Urban,,,,0.0,0.0
38240,33105,30.06134033203125,-1.8536194421595367,3001010303120002,0.3735364049558634,Jabana,423.7381161848144,1134.3957658822646,Peri-urban,,,,0.0,0.0
38241,33105,30.06683349609375,-1.8536194421595367,3001010303120003,0.3735364049558634,Jabana,287.9214187861113,770.7988163031439,Peri-urban,,,,0.0,0.0
38242,33105,30.07232666015625,-1.8536194421595367,3001010303120012,0.3735364049558634,Jabana,287.9214187861113,770.7988163031439,Peri-urban,,,,0.0,0.0
38243,33105,30.07781982421875,-1.8536194421595367,3001010303120013,0.3735364049558634,Jabana,362.10231902579767,969.3896343746823,Peri-urban,,,,0.0,0.0
38244,33105,30.08331298828125,-1.8536194421595367,3001010303120102,0.3735364049558634,Jabana,362.10231902579767,969.3896343746823,Peri-urban,,,,0.0,0.0
38245,33105,30.08880615234375,-1.8536194421595367,3001010303120103,0.3735364049558634,Jabana,716.7156472236021,1918.7303773196843,Urban,,,,0.0,0.0
38246,33105,30.09429931640625,-1.8536194421595367,3001010303120112,0.3735364049558634,Jabana,323.12208814105037,865.0350644650823,Peri-urban,,,,0.0,0.0
38247,33105,30.09979248046875,-1.8536194421595367,3001010303120113,0.3735364049558634,Nduba,323.12208814105037,865.0350644650823,Peri-urban,,,,0.0,0.0
38248,33105,30.10528564453125,-1.8536194421595367,3001010303121002,0.3735364049558634,Nduba,450.0988419105946,1204.9664662906894,Peri-urban,,,,0.0,0.0
38249,33105,30.11077880859375,-1.8536194421595367,3001010303121003,0.3735364049558634,Nduba,515.0053683085671,1378.72871686876,Peri-urban,,,,0.0,0.0
38250,33105,30.11627197265625,-1.8536194421595367,3001010303121012,0.3735364049558634,Nduba,515.0053683085671,1378.72871686876,Peri-urban,,,,0.0,0.0
38251,33105,30.12176513671875,-1.8536194421595367,3001010303121013,0.3735364049558634,Nduba,467.2127609922511,1250.7823997702617,Peri-urban,,,,0.0,0.0
38252,33105,30.12725830078125,-1.8536194421595367,3001010303121102,0.3735364049558634,Nduba,323.0815779707292,864.926614071001,Peri-urban,,,,0.0,0.0
38253,33105,30.13275146484375,-1.8536194421595367,3001010303121103,0.3735364049558634,Nduba,323.0815779707292,864.926614071001,Peri-urban,,,,0.0,0.0
38254,33105,30.13824462890625,-1.8536194421595367,3001010303121112,0.3735364049558634,Nduba,406.6284669498321,1088.5912632742686,Peri-urban,,,,0.0,0.0
38255,33105,30.14373779296875,-1.8536194421595367,3001010303121113,0.3735364049558634,Bumbogo,414.44858438740715,1109.5266187947007,Peri-urban,,,,0.0,0.0
38256,33105,30.14923095703125,-1.8536194421595367,3001010303130002,0.3735364049558634,Bumbogo,414.44858438740715,1109.5266187947007,Peri-urban,,,,0.0,0.0
38257,33105,30.15472412109375,-1.8536194421595367,3001010303130003,0.3735364049558634,Bumbogo,681.5188207306699,1824.5044169421649,Urban,,,,0.0,0.0
38258,33105,30.16021728515625,-1.8536194421595367,3001010303130012,0.3735364049558634,Bumbogo,248.8894160104397,666.3056470756798,Peri-urban,,,,0.0,0.0
38259,33105,30.16571044921875,-1.8536194421595367,3001010303130013,0.3735364049558634,Bumbogo,248.8894160104397,666.3056470756798,Peri-urban,,,,0.0,0.0
38260,33105,30.17120361328125,-1.8536194421595367,3001010303130102,0.3735364049558634,Bumbogo,273.62778680582744,732.5331163856947,Peri-urban,,,,0.0,0.0
38261,33105,30.17669677734375,-1.8536194421595367,3001010303130103,0.3735364049558634,Bumbogo,303.53768914680273,812.6053715772855,Peri-urban,,,,0.0,0.0
38262,33105,30.18218994140625,-1.8536194421595367,3001010303130112,0.3735364049558634,Rutunga,303.53768914680273,812.6053715772855,Peri-urban,,,,0.0,0.0
38263,33105,30.18768310546875,-1.8536194421595367,3001010303130113,0.3735364049558634,Rutunga,175.09624453530967,468.75282358622803,Peri-urban,,,,0.0,0.0
38264,33105,30.19317626953125,-1.8536194421595367,3001010303131002,0.3735364049558634,Rutunga,240.68103607747403,644.330868114214,Peri-urban,,,,0.0,0.0
38265,33105,30.19866943359375,-1.8536194421595367,3001010303131003,0.3735364049558634,Rutunga,240.68103607747403,644.330868114214,Peri-urban,,,,0.0,0.0
38266,33105,30.20416259765625,-1.8536194421595367,3001010303131012,0.3735364049558634,Rutunga,293.9076637636722,786.824683924449,Peri-urban,,,,0.0,0.0
38267,33105,30.20965576171875,-1.8536194421595367,3001010303131013,0.3735364049558634,Rutunga,128.87137814176936,345.00352959438226,Peri-urban,,,,0.0,0.0
38268,33105,30.21514892578125,-1.8536194421595367,3001010303131102,0.3735364049558634,Rutunga,128.87137814176936,345.00352959438226,Peri-urban,,,,0.0,0.0
38269,33105,30.22064208984375,-1.8536194421595367,3001010303131103,0.3735364049558634,Gikomero,229.2091322718152,613.6192596780447,Peri-urban,,,,0.0,0.0
38270,33105,30.22613525390625,-1.8536194421595367,3001010303131112,0.3735364049558634,Gikomero,219.66131478043332,588.0586520245282,Peri-urban,,,,0.0,0.0
38271,33105,30.23162841796875,-1.8536194421595367,3001010303131113,0.3735364049558634,Gikomero,219.66131478043332,588.0586520245282,Peri-urban,,,,0.0,0.0
38272,33105,30.23712158203125,-1.8536194421595367,3001010312020002,0.3735364049558634,Gikomero,200.73871533414024,537.4006727881297,Peri-urban,,,,0.0,0.0
38273,33105,30.24261474609375,-1.8536194421595367,3001010312020003,0.3735364049558634,Gikomero,191.56813879642127,512.8499826383903,Peri-urban,,,,0.0,0.0
38274,33105,30.24810791015625,-1.8536194421595367,3001010312020012,0.3735364049558634,Gikomero,191.56813879642127,512.8499826383903,Peri-urban,,,,0.0,0.0
38228,33106,29.99542236328125,-1.8591097232781915,3001010303030120,0.37353408475183913,Jali,451.11606615803174,1207.6971943744704,Peri-urban,,,,0.0,0.0
38229,33106,30.00091552734375,-1.8591097232781915,3001010303030121,0.37353408475183913,Jali,422.976716447498,1132.364444675796,Peri-urban,,,,0.0,0.0
38230,33106,30.00640869140625,-1.8591097232781915,3001010303030130,0.37353408475183913,Jali,422.976716447498,1132.364444675796,Peri-urban,,,,0.0,0.0
38231,33106,30.01190185546875,-1.8591097232781915,3001010303030131,0.37353408475183913,Jali,152.77564026550283,409.0005343608757,Peri-urban,,,,0.0,0.0
38232,33106,30.01739501953125,-1.8591097232781915,3001010303031020,0.37353408475183913,Jali,383.23310703769243,1025.9655615960642,Peri-urban,,,,0.0,0.0
38233,33106,30.02288818359375,-1.8591097232781915,3001010303031021,0.37353408475183913,Jali,383.23310703769243,1025.9655615960642,Peri-urban,,,,0.0,0.0
38237,33106,30.04486083984375,-1.8591097232781915,3001010303031121,0.37353408475183913,Jabana,911.1277965032308,2439.2092547820557,Urban,,,,0.0,0.0
38238,33106,30.05035400390625,-1.8591097232781915,3001010303031130,0.37353408475183913,Jabana,275.3460519828851,737.1376889630135,Peri-urban,,,,0.0,0.0
38239,33106,30.05584716796875,-1.8591097232781915,3001010303031131,0.37353408475183913,Jabana,275.3460519828851,737.1376889630135,Peri-urban,,,,0.0,0.0
38240,33106,30.06134033203125,-1.8591097232781915,3001010303120020,0.37353408475183913,Jabana,379.8047243579624,1016.7873290874894,Peri-urban,,,,0.0,0.0
38241,33106,30.06683349609375,-1.8591097232781915,3001010303120021,0.37353408475183913,Jabana,661.4364781677546,1770.7526706891717,Urban,,,,0.0,0.0
38242,33106,30.07232666015625,-1.8591097232781915,3001010303120030,0.37353408475183913,Jabana,661.4364781677546,1770.7526706891717,Urban,,,,0.0,0.0
38243,33106,30.07781982421875,-1.8591097232781915,3001010303120031,0.37353408475183913,Jabana,356.7442347465615,955.0513575851261,Peri-urban,,,,0.0,0.0
38244,33106,30.08331298828125,-1.8591097232781915,3001010303120120,0.37353408475183913,Jabana,356.7442347465615,955.0513575851261,Peri-urban,,,,0.0,0.0
38245,33106,30.08880615234375,-1.8591097232781915,3001010303120121,0.37353408475183913,Jabana,976.6593850493952,2614.6459584759123,Urban,,,,0.0,0.0
38246,33106,30.09429931640625,-1.8591097232781915,3001010303120130,0.37353408475183913,Jabana,1266.3388675034164,3390.1561308514065,Urban,,,,0.0,0.0
38247,33106,30.09979248046875,-1.8591097232781915,3001010303120131,0.37353408475183913,Nduba,1266.3388675034164,3390.1561308514065,Urban,,,,0.0,0.0
38248,33106,30.10528564453125,-1.8591097232781915,3001010303121020,0.37353408475183913,Nduba,456.71536557731264,1222.6872572572213,Peri-urban,,,,0.0,0.0
38249,33106,30.11077880859375,-1.8591097232781915,3001010303121021,0.37353408475183913,Nduba,571.7501751386876,1530.65061122477,Urban,,,,0.0,0.0
38250,33106,30.11627197265625,-1.8591097232781915,3001010303121030,0.37353408475183913,Nduba,571.7501751386876,1530.65061122477,Urban,,,,0.0,0.0
38251,33106,30.12176513671875,-1.8591097232781915,3001010303121031,0.37353408475183913,Nduba,708.0918270422148,1895.6551917146792,Urban,,,,0.0,0.0
38252,33106,30.12725830078125,-1.8591097232781915,3001010303121120,0.37353408475183913,Nduba,486.6281639095485,1302.7677627674714,Peri-urban,,,,0.0,0.0
38253,33106,30.13275146484375,-1.8591097232781915,3001010303121121,0.37353408475183913,Nduba,486.6281639095485,1302.7677627674714,Peri-urban,,,,0.0,0.0
38254,33106,30.13824462890625,-1.8591097232781915,3001010303121130,0.37353408475183913,Nduba,261.37080716219646,699.7241157680178,Peri-urban,,,,0.0,0.0
38255,33106,30.14373779296875,-1.8591097232781915,3001010303121131,0.37353408475183913,Bumbogo,392.1034991483456,1049.7127709479128,Peri-urban,,,,0.0,0.0
38256,33106,30.14923095703125,-1.8591097232781915,3001010303130020,0.37353408475183913,Bumbogo,392.1034991483456,1049.7127709479128,Peri-urban,,,,0.0,0.0
38257,33106,30.15472412109375,-1.8591097232781915,3001010303130021,0.37353408475183913,Bumbogo,534.5766852061056,1431.132276887815,Peri-urban,,,,0.0,0.0
38258,33106,30.16021728515625,-1.8591097232781915,3001010303130030,0.37353408475183913,Bumbogo,177.00402271801218,473.86310900009687,Peri-urban,,,,0.0,0.0
38259,33106,30.16571044921875,-1.8591097232781915,3001010303130031,0.37353408475183913,Bumbogo,177.00402271801218,473.86310900009687,Peri-urban,,,,0.0,0.0
38260,33106,30.17120361328125,-1.8591097232781915,3001010303130120,0.37353408475183913,Bumbogo,262.1002815143781,701.6770147990828,Peri-urban,,,,0.0,0.0
38261,33106,30.17669677734375,-1.8591097232781915,3001010303130121,0.37353408475183913,Bumbogo,350.05052365056696,937.1314103320084,Peri-urban,,,,0.0,0.0
38262,33106,30.18218994140625,-1.8591097232781915,3001010303130130,0.37353408475183913,Bumbogo,350.05052365056696,937.1314103320084,Peri-urban,,,,0.0,0.0
38263,33106,30.18768310546875,-1.8591097232781915,3001010303130131,0.37353408475183913,Rutunga,338.8540864151707,907.1570714632148,Peri-urban,,,,0.0,0.0
38264,33106,30.19317626953125,-1.8591097232781915,3001010303131020,0.37353408475183913,Rutunga,207.1391459387802,554.5388075532519,Peri-urban,,,,0.0,0.0
38265,33106,30.19866943359375,-1.8591097232781915,3001010303131021,0.37353408475183913,Rutunga,207.1391459387802,554.5388075532519,Peri-urban,,,,0.0,0.0
38266,33106,30.20416259765625,-1.8591097232781915,3001010303131030,0.37353408475183913,Rutunga,186.20930320055217,498.5068586826877,Peri-urban,,,,0.0,0.0
38267,33106,30.20965576171875,-1.8591097232781915,3001010303131031,0.37353408475183913,Rutunga,184.78479337131205,494.6932580304567,Peri-urban,,,,0.0,0.0
38268,33106,30.21514892578125,-1.8591097232781915,3001010303131120,0.37353408475183913,Rutunga,184.78479337131205,494.6932580304567,Peri-urban,,,,0.0,0.0
38269,33106,30.22064208984375,-1.8591097232781915,3001010303131121,0.37353408475183913,Gikomero,290.77720325163017,778.4489156988463,Peri-urban,,,,0.0,0.0
38270,33106,30.22613525390625,-1.8591097232781915,3001010303131130,0.37353408475183913,Gikomero,180.58019500675562,483.4369937799003,Peri-urban,,,,0.0,0.0
38271,33106,30.23162841796875,-1.8591097232781915,3001010303131131,0.37353408475183913,Gikomero,180.58019500675562,483.4369937799003,Peri-urban,,,,0.0,0.0
38272,33106,30.23712158203125,-1.8591097232781915,3001010312020020,0.37353408475183913,Gikomero,288.10604884126735,771.297883117342,Peri-urban,,,,0.0,0.0
38273,33106,30.24261474609375,-1.8591097232781915,3001010312020021,0.37353408475183913,Gikomero,196.78878953743336,526.8295386434997,Peri-urban,84.323,15.911,18.0,2.0,1.0
38274,33106,30.24810791015625,-1.8591097232781915,3001010312020030,0.37353408475183913,Gikomero,196.78878953743336,526.8295386434997,Peri-urban,,,,0.0,0.0
38275,33106,30.25360107421875,-1.8591097232781915,3001010312020031,0.37353408475183913,Gikomero,77.06801793869914,206.32124639950862,Rural,,,,0.0,0.0
38227,33107,29.98992919921875,-1.8645999873203014,3001010303030033,0.37353175770260627,Jali,506.6957099727452,1356.4996804800724,Peri-urban,,,,0.0,0.0
38228,33107,29.99542236328125,-1.8645999873203014,3001010303030122,0.37353175770260627,Jali,451.1146609704283,1207.7009562586939,Peri-urban,,,,0.0,0.0
38229,33107,30.00091552734375,-1.8645999873203014,3001010303030123,0.37353175770260627,Jali,422.9753989115398,1132.3679719042764,Peri-urban,,,,0.0,0.0
38230,33107,30.00640869140625,-1.8645999873203014,3001010303030132,0.37353175770260627,Jali,422.9753989115398,1132.3679719042764,Peri-urban,,,,0.0,0.0
38231,33107,30.01190185546875,-1.8645999873203014,3001010303030133,0.37353175770260627,Jali,152.77516438257177,409.0018083662015,Peri-urban,,,,0.0,0.0
38232,33107,30.01739501953125,-1.8645999873203014,3001010303031022,0.37353175770260627,Jali,383.2319132996466,1025.968757400176,Peri-urban,,,,0.0,0.0
38233,33107,30.02288818359375,-1.8645999873203014,3001010303031023,0.37353175770260627,Jali,383.2319132996466,1025.968757400176,Peri-urban,,,,0.0,0.0
38234,33107,30.02838134765625,-1.8645999873203014,3001010303031032,0.37353175770260627,Jali,490.5453288862921,1313.2627113243962,Peri-urban,,,,0.0,0.0
38235,33107,30.03387451171875,-1.8645999873203014,3001010303031033,0.37353175770260627,Jabana,743.6466551338898,1990.852557511206,Urban,,,,0.0,0.0
38236,33107,30.03936767578125,-1.8645999873203014,3001010303031122,0.37353175770260627,Jabana,743.6466551338898,1990.852557511206,Urban,,,,0.0,0.0
38237,33107,30.04486083984375,-1.8645999873203014,3001010303031123,0.37353175770260627,Jabana,911.124958418798,2439.216852731986,Urban,,,,0.0,0.0
38238,33107,30.05035400390625,-1.8645999873203014,3001010303031132,0.37353175770260627,Jabana,275.34519430370244,737.139985090433,Peri-urban,,,,0.0,0.0
38239,33107,30.05584716796875,-1.8645999873203014,3001010303031133,0.37353175770260627,Jabana,275.34519430370244,737.139985090433,Peri-urban,,,,0.0,0.0
38240,33107,30.06134033203125,-1.8645999873203014,3001010303120022,0.37353175770260627,Jabana,379.8035412990327,1016.7904963021105,Peri-urban,,,,0.0,0.0
38241,33107,30.06683349609375,-1.8645999873203014,3001010303120023,0.37353175770260627,Jabana,661.4344178502237,1770.7581864480612,Urban,,,,0.0,0.0
38242,33107,30.07232666015625,-1.8645999873203014,3001010303120032,0.37353175770260627,Jabana,661.4344178502237,1770.7581864480612,Urban,,,,0.0,0.0
38243,33107,30.07781982421875,-1.8645999873203014,3001010303120033,0.37353175770260627,Jabana,356.7431235190663,955.0543324969263,Peri-urban,,,,0.0,0.0
38244,33107,30.08331298828125,-1.8645999873203014,3001010303120122,0.37353175770260627,Jabana,356.7431235190663,955.0543324969263,Peri-urban,,,,0.0,0.0
38245,33107,30.08880615234375,-1.8645999873203014,3001010303120123,0.37353175770260627,Jabana,976.656342839721,2614.654102897732,Urban,60.778,3.217,15.0,3.0,1.0
38246,33107,30.09429931640625,-1.8645999873203014,3001010303120132,0.37353175770260627,Nduba,1266.334922967161,3390.1666909279916,Urban,,,,0.0,0.0
38247,33107,30.09979248046875,-1.8645999873203014,3001010303120133,0.37353175770260627,Nduba,1266.334922967161,3390.1666909279916,Urban,,,,0.0,0.0
38248,33107,30.10528564453125,-1.8645999873203014,3001010303121022,0.37353175770260627,Nduba,456.7139429483748,1222.6910658343418,Peri-urban,,,,0.0,0.0
38249,33107,30.11077880859375,-1.8645999873203014,3001010303121023,0.37353175770260627,Nduba,571.7483941862484,1530.6553790841415,Urban,,,,0.0,0.0
38250,33107,30.11627197265625,-1.8645999873203014,3001010303121032,0.37353175770260627,Nduba,571.7483941862484,1530.6553790841415,Urban,,,,0.0,0.0
38251,33107,30.12176513671875,-1.8645999873203014,3001010303121033,0.37353175770260627,Nduba,708.0896213972997,1895.661096535351,Urban,,,,0.0,0.0
38252,33107,30.12725830078125,-1.8645999873203014,3001010303121122,0.37353175770260627,Nduba,486.62664810482613,1302.7718207892308,Peri-urban,,,,0.0,0.0
38253,33107,30.13275146484375,-1.8645999873203014,3001010303121123,0.37353175770260627,Nduba,486.62664810482613,1302.7718207892308,Peri-urban,,,,0.0,0.0
38254,33107,30.13824462890625,-1.8645999873203014,3001010303121132,0.37353175770260627,Nduba,261.369993014695,699.7262953550237,Peri-urban,,,,0.0,0.0
38255,33107,30.14373779296875,-1.8645999873203014,3001010303121133,0.37353175770260627,Bumbogo,392.10227777979406,1049.7160407227625,Peri-urban,,,,0.0,0.0
38256,33107,30.14923095703125,-1.8645999873203014,3001010303130022,0.37353175770260627,Bumbogo,392.10227777979406,1049.7160407227625,Peri-urban,,,,0.0,0.0
38257,33107,30.15472412109375,-1.8645999873203014,3001010303130023,0.37353175770260627,Bumbogo,534.5750200458785,1431.1367347552002,Peri-urban,,,,0.0,0.0
38258,33107,30.16021728515625,-1.8645999873203014,3001010303130032,0.37353175770260627,Bumbogo,177.0034713657613,473.86458504737277,Peri-urban,,,,0.0,0.0
38259,33107,30.16571044921875,-1.8645999873203014,3001010303130033,0.37353175770260627,Bumbogo,177.0034713657613,473.86458504737277,Peri-urban,,,,0.0,0.0
38260,33107,30.17120361328125,-1.8645999873203014,3001010303130122,0.37353175770260627,Bumbogo,262.09946509462696,701.6792004692194,Peri-urban,,,,0.0,0.0
38261,33107,30.17669677734375,-1.8645999873203014,3001010303130123,0.37353175770260627,Bumbogo,350.04943327340396,937.1343294245461,Peri-urban,,,,0.0,0.0
38262,33107,30.18218994140625,-1.8645999873203014,3001010303130132,0.37353175770260627,Bumbogo,350.04943327340396,937.1343294245461,Peri-urban,,,,0.0,0.0
38263,33107,30.18768310546875,-1.8645999873203014,3001010303130133,0.37353175770260627,Bumbogo,338.8530309139431,907.1598971879836,Peri-urban,,,,0.0,0.0
38264,33107,30.19317626953125,-1.8645999873203014,3001010303131022,0.37353175770260627,Rutunga,207.13850071822188,554.540534899147,Peri-urban,,,,0.0,0.0
38265,33107,30.19866943359375,-1.8645999873203014,3001010303131023,0.37353175770260627,Rutunga,207.13850071822188,554.540534899147,Peri-urban,,,,0.0,0.0
38266,33107,30.20416259765625,-1.8645999873203014,3001010303131032,0.37353175770260627,Rutunga,186.20872317464722,498.50841149335554,Peri-urban,,,,0.0,0.0
38267,33107,30.20965576171875,-1.8645999873203014,3001010303131033,0.37353175770260627,Gikomero,184.78421778263225,494.69479896205075,Peri-urban,,,,0.0,0.0
38268,33107,30.21514892578125,-1.8645999873203014,3001010303131122,0.37353175770260627,Gikomero,184.78421778263225,494.69479896205075,Peri-urban,,,,0.0,0.0
38269,33107,30.22064208984375,-1.8645999873203014,3001010303131123,0.37353175770260627,Gikomero,290.7762975057434,778.4513405075719,Peri-urban,,,,0.0,0.0
38270,33107,30.22613525390625,-1.8645999873203014,3001010303131132,0.37353175770260627,Gikomero,180.57963251503676,483.43849964909367,Peri-urban,,,,0.0,0.0
38271,33107,30.23162841796875,-1.8645999873203014,3001010303131133,0.37353175770260627,Gikomero,180.57963251503676,483.43849964909367,Peri-urban,,,,0.0,0.0
38272,33107,30.23712158203125,-1.8645999873203014,3001010312020022,0.37353175770260627,Gikomero,288.105151415796,771.300285651149,Peri-urban,43.926,0.546,15.0,1.0,1.0
38273,33107,30.24261474609375,-1.8645999873203014,3001010312020023,0.37353175770260627,Gikomero,196.78817655734173,526.8311796771454,Peri-urban,,,,0.0,0.0
38274,33107,30.24810791015625,-1.8645999873203014,3001010312020032,0.37353175770260627,Gikomero,196.78817655734173,526.8311796771454,Peri-urban,,,,0.0,0.0
38275,33107,30.25360107421875,-1.8645999873203014,3001010312020033,0.37353175770260627,Gikomero,77.06777787847616,206.32188907438226,Rural,,,,0.0,0.0
38276,33107,30.25909423828125,-1.8645999873203014,3001010312020122,0.37353175770260627,Gikomero,263.17070958822967,704.5470811018901,Peri-urban,,,,0.0,0.0
38226,33108,29.98443603515625,-1.8700902342355064,3001010303030210,0.37352942380833587,Kanyinya,329.7752971240282,882.8629717085993,Peri-urban,,,,0.0,0.0
38227,33108,29.98992919921875,-1.8700902342355064,3001010303030211,0.37352942380833587,Kanyinya,329.7752971240282,882.8629717085993,Peri-urban,,,,0.0,0.0
38228,33108,29.99542236328125,-1.8700902342355064,3001010303030300,0.37352942380833587,Jali,289.7727317171326,775.7694929699027,Peri-urban,,,,0.0,0.0
38229,33108,30.00091552734375,-1.8700902342355064,3001010303030301,0.37352942380833587,Jali,186.1108298757744,498.249449744208,Peri-urban,,,,0.0,0.0
38230,33108,30.00640869140625,-1.8700902342355064,3001010303030310,0.37352942380833587,Jali,186.1108298757744,498.249449744208,Peri-urban,,,,0.0,0.0
38231,33108,30.01190185546875,-1.8700902342355064,3001010303030311,0.37352942380833587,Jali,336.37804625997444,900.539622368747,Peri-urban,,,,0.0,0.0
38232,33108,30.01739501953125,-1.8700902342355064,3001010303031200,0.37352942380833587,Jali,232.20065865271724,621.6395385544332,Peri-urban,,,,0.0,0.0
38233,33108,30.02288818359375,-1.8700902342355064,3001010303031201,0.37352942380833587,Jali,232.20065865271724,621.6395385544332,Peri-urban,,,,0.0,0.0
38234,33108,30.02838134765625,-1.8700902342355064,3001010303031210,0.37352942380833587,Jali,589.654657951637,1578.6029703892846,Urban,,,,0.0,0.0
38235,33108,30.03387451171875,-1.8700902342355064,3001010303031211,0.37352942380833587,Jabana,545.0732851921055,1459.2512676371957,Peri-urban,,,,0.0,0.0
38236,33108,30.03936767578125,-1.8700902342355064,3001010303031300,0.37352942380833587,Jabana,545.0732851921055,1459.2512676371957,Peri-urban,,,,0.0,0.0
38237,33108,30.04486083984375,-1.8700902342355064,3001010303031301,0.37352942380833587,Jabana,804.289678459223,2153.216392591116,Urban,16.761,2.517,14.0,1.0,1.0
38238,33108,30.05035400390625,-1.8700902342355064,3001010303031310,0.37352942380833587,Jabana,390.2841966599674,1044.8552959518088,Peri-urban,,,,0.0,0.0
38239,33108,30.05584716796875,-1.8700902342355064,3001010303031311,0.37352942380833587,Jabana,390.2841966599674,1044.8552959518088,Peri-urban,,,,0.0,0.0
38240,33108,30.06134033203125,-1.8700902342355064,3001010303120200,0.37352942380833587,Jabana,456.55426641675996,1222.2712250133889,Peri-urban,,,,0.0,0.0
38241,33108,30.06683349609375,-1.8700902342355064,3001010303120201,0.37352942380833587,Jabana,610.1222969567941,1633.3982226520875,Urban,,,,0.0,0.0
38242,33108,30.07232666015625,-1.8700902342355064,3001010303120210,0.37352942380833587,Jabana,610.1222969567941,1633.3982226520875,Urban,,,,0.0,0.0
38243,33108,30.07781982421875,-1.8700902342355064,3001010303120211,0.37352942380833587,Jabana,967.0959696799669,2589.075740861046,Urban,,,,0.0,0.0
38244,33108,30.08331298828125,-1.8700902342355064,3001010303120300,0.37352942380833587,Jabana,967.0959696799669,2589.075740861046,Urban,,,,0.0,0.0
38245,33108,30.08880615234375,-1.8700902342355064,3001010303120301,0.37352942380833587,Nduba,852.142790659089,2281.3270825388513,Urban,,,,0.0,0.0
38246,33108,30.09429931640625,-1.8700902342355064,3001010303120310,0.37352942380833587,Nduba,1578.4348413317523,4225.730935032506,Urban,,,,0.0,0.0
38247,33108,30.09979248046875,-1.8700902342355064,3001010303120311,0.37352942380833587,Nduba,1578.4348413317523,4225.730935032506,Urban,38.886,12.595,22.0,3.0,1.0
38248,33108,30.10528564453125,-1.8700902342355064,3001010303121200,0.37352942380833587,Nduba,901.7568245450063,2414.1520508641715,Urban,,,,0.0,0.0
38249,33108,30.11077880859375,-1.8700902342355064,3001010303121201,0.37352942380833587,Nduba,369.064751427134,988.0473341679965,Peri-urban,,,,0.0,0.0
38250,33108,30.11627197265625,-1.8700902342355064,3001010303121210,0.37352942380833587,Nduba,369.064751427134,988.0473341679965,Peri-urban,,,,0.0,0.0
38251,33108,30.12176513671875,-1.8700902342355064,3001010303121211,0.37352942380833587,Nduba,452.6510759271824,1211.8217390002592,Peri-urban,,,,0.0,0.0
38252,33108,30.12725830078125,-1.8700902342355064,3001010303121300,0.37352942380833587,Nduba,515.8749587864602,1381.082522299941,Peri-urban,,,,0.0,0.0
38253,33108,30.13275146484375,-1.8700902342355064,3001010303121301,0.37352942380833587,Nduba,515.8749587864602,1381.082522299941,Peri-urban,,,,0.0,0.0
38254,33108,30.13824462890625,-1.8700902342355064,3001010303121310,0.37352942380833587,Bumbogo,406.9851989334278,1089.566639179297,Peri-urban,,,,0.0,0.0
38255,33108,30.14373779296875,-1.8700902342355064,3001010303121311,0.37352942380833587,Bumbogo,345.1885790471305,924.1268747391971,Peri-urban,,,,0.0,0.0
38256,33108,30.14923095703125,-1.8700902342355064,3001010303130200,0.37352942380833587,Bumbogo,345.1885790471305,924.1268747391971,Peri-urban,,,,0.0,0.0
38257,33108,30.15472412109375,-1.8700902342355064,3001010303130201,0.37352942380833587,Bumbogo,376.00382790538487,1006.6243887076448,Peri-urban,,,,0.0,0.0
38258,33108,30.16021728515625,-1.8700902342355064,3001010303130210,0.37352942380833587,Bumbogo,399.9676647557106,1070.7795404116293,Peri-urban,,,,0.0,0.0
38259,33108,30.16571044921875,-1.8700902342355064,3001010303130211,0.37352942380833587,Bumbogo,399.9676647557106,1070.7795404116293,Peri-urban,93.681,19.524,20.0,4.0,1.0
38260,33108,30.17120361328125,-1.8700902342355064,3001010303130300,0.37352942380833587,Bumbogo,570.4884560510984,1527.291880341468,Urban,,,,0.0,0.0
38261,33108,30.17669677734375,-1.8700902342355064,3001010303130301,0.37352942380833587,Bumbogo,280.26341836517105,750.3114895413938,Peri-urban,,,,0.0,0.0
38262,33108,30.18218994140625,-1.8700902342355064,3001010303130310,0.37352942380833587,Bumbogo,280.26341836517105,750.3114895413938,Peri-urban,,,,0.0,0.0
38263,33108,30.18768310546875,-1.8700902342355064,3001010303130311,0.37352942380833587,Bumbogo,385.00842341040476,1030.7311790461758,Peri-urban,,,,0.0,0.0
38264,33108,30.19317626953125,-1.8700902342355064,3001010303131200,0.37352942380833587,Gikomero,243.05541480535862,650.6995147190182,Peri-urban,,,,0.0,0.0
38265,33108,30.19866943359375,-1.8700902342355064,3001010303131201,0.37352942380833587,Gikomero,243.05541480535862,650.6995147190182,Peri-urban,,,,0.0,0.0
38266,33108,30.20416259765625,-1.8700902342355064,3001010303131210,0.37352942380833587,Gikomero,187.37736131001813,501.64016371081,Peri-urban,,,,0.0,0.0
38267,33108,30.20965576171875,-1.8700902342355064,3001010303131211,0.37352942380833587,Gikomero,317.9592473488768,851.2294536454696,Peri-urban,,,,0.0,0.0
38268,33108,30.21514892578125,-1.8700902342355064,3001010303131300,0.37352942380833587,Gikomero,317.9592473488768,851.2294536454696,Peri-urban,,,,0.0,0.0
38269,33108,30.22064208984375,-1.8700902342355064,3001010303131301,0.37352942380833587,Gikomero,327.0993291600841,875.6989632172168,Peri-urban,,,,0.0,0.0
38270,33108,30.22613525390625,-1.8700902342355064,3001010303131310,0.37352942380833587,Gikomero,132.06739184486142,353.5662344839195,Peri-urban,,,,0.0,0.0
38271,33108,30.23162841796875,-1.8700902342355064,3001010303131311,0.37352942380833587,Gikomero,132.06739184486142,353.5662344839195,Peri-urban,,,,0.0,0.0
38272,33108,30.23712158203125,-1.8700902342355064,3001010312020200,0.37352942380833587,Gikomero,275.93225980540876,738.7162622749478,Peri-urban,,,,0.0,0.0
38273,33108,30.24261474609375,-1.8700902342355064,3001010312020201,0.37352942380833587,Gikomero,239.25459293318008,640.5240864129236,Peri-urban,,,,0.0,0.0
38274,33108,30.24810791015625,-1.8700902342355064,3001010312020210,0.37352942380833587,Gikomero,239.25459293318008,640.5240864129236,Peri-urban,,,,0.0,0.0
38275,33108,30.25360107421875,-1.8700902342355064,3001010312020211,0.37352942380833587,Gikomero,158.0802956227314,423.2070769981564,Peri-urban,,,,0.0,0.0
38276,33108,30.25909423828125,-1.8700902342355064,3001010312020300,0.37352942380833587,Gikomero,269.35731778607607,721.1140558616013,Peri-urban,,,,0.0,0.0
38226,33109,29.98443603515625,-1.8755804639734492,3001010303030212,0.3735270830691991,Kanyinya,738.0389654835526,1975.8646666775287,Urban,,,,0.0,0.0
38227,33109,29.98992919921875,-1.8755804639734492,3001010303030213,0.3735270830691991,Kanyinya,738.0389654835526,1975.8646666775287,Urban,,,,0.0,0.0
38228,33109,29.99542236328125,-1.8755804639734492,3001010303030302,0.3735270830691991,Jali,348.2886217321843,932.4320444728257,Peri-urban,,,,0.0,0.0
38229,33109,30.00091552734375,-1.8755804639734492,3001010303030303,0.3735270830691991,Jali,432.56361549738307,1158.0515445977635,Peri-urban,,,,0.0,0.0
38230,33109,30.00640869140625,-1.8755804639734492,3001010303030312,0.3735270830691991,Jali,432.56361549738307,1158.0515445977635,Peri-urban,,,,0.0,0.0
38231,33109,30.01190185546875,-1.8755804639734492,3001010303030313,0.3735270830691991,Jali,212.00919895847886,567.5872207617201,Peri-urban,,,,0.0,0.0
38232,33109,30.01739501953125,-1.8755804639734492,3001010303031202,0.3735270830691991,Jali,144.60930933596944,387.14544644994146,Peri-urban,,,,0.0,0.0
38233,33109,30.02288818359375,-1.8755804639734492,3001010303031203,0.3735270830691991,Jali,144.60930933596944,387.14544644994146,Peri-urban,,,,0.0,0.0
38234,33109,30.02838134765625,-1.8755804639734492,3001010303031212,0.3735270830691991,Jali,595.471311231912,1594.1851025608116,Urban,,,,0.0,0.0
38235,33109,30.03387451171875,-1.8755804639734492,3001010303031213,0.3735270830691991,Jabana,346.99981128205405,928.9816642767223,Peri-urban,,,,0.0,0.0
38236,33109,30.03936767578125,-1.8755804639734492,3001010303031302,0.3735270830691991,Jabana,346.99981128205405,928.9816642767223,Peri-urban,,,,0.0,0.0
38237,33109,30.04486083984375,-1.8755804639734492,3001010303031303,0.3735270830691991,Jabana,373.16152925582657,999.0213458944695,Peri-urban,,,,0.0,0.0
38238,33109,30.05035400390625,-1.8755804639734492,3001010303031312,0.3735270830691991,Jabana,1219.6441736663091,3265.209482655799,Urban,,,,0.0,0.0
38239,33109,30.05584716796875,-1.8755804639734492,3001010303031313,0.3735270830691991,Jabana,1219.6441736663091,3265.209482655799,Urban,,,,0.0,0.0
38240,33109,30.06134033203125,-1.8755804639734492,3001010303120202,0.3735270830691991,Jabana,1313.8031520447873,3517.290208917446,Urban,,,,0.0,0.0
38241,33109,30.06683349609375,-1.8755804639734492,3001010303120203,0.3735270830691991,Jabana,1076.6565852342515,2882.405678291316,Urban,,,,0.0,0.0
38242,33109,30.07232666015625,-1.8755804639734492,3001010303120212,0.3735270830691991,Jabana,1076.6565852342515,2882.405678291316,Urban,,,,0.0,0.0
38243,33109,30.07781982421875,-1.8755804639734492,3001010303120213,0.3735270830691991,Jabana,535.6485702823028,1434.028734626103,Peri-urban,,,,0.0,0.0
38244,33109,30.08331298828125,-1.8755804639734492,3001010303120302,0.3735270830691991,Jabana,535.6485702823028,1434.028734626103,Peri-urban,,,,0.0,0.0
38245,33109,30.08880615234375,-1.8755804639734492,3001010303120303,0.3735270830691991,Nduba,870.820680252751,2331.3454893213834,Urban,,,,0.0,0.0
38246,33109,30.09429931640625,-1.8755804639734492,3001010303120312,0.3735270830691991,Nduba,2444.2415211607117,6543.679513348421,Dense core,,,,0.0,0.0
38247,33109,30.09979248046875,-1.8755804639734492,3001010303120313,0.3735270830691991,Nduba,2444.2415211607117,6543.679513348421,Dense core,,,,0.0,0.0
38248,33109,30.10528564453125,-1.8755804639734492,3001010303121202,0.3735270830691991,Nduba,1517.899489824669,4063.6932598096646,Urban,,,,0.0,0.0
38249,33109,30.11077880859375,-1.8755804639734492,3001010303121203,0.3735270830691991,Nduba,661.5774801418867,1771.163351010143,Urban,,,,0.0,0.0
38250,33109,30.11627197265625,-1.8755804639734492,3001010303121212,0.3735270830691991,Nduba,661.5774801418867,1771.163351010143,Urban,,,,0.0,0.0
38251,33109,30.12176513671875,-1.8755804639734492,3001010303121213,0.3735270830691991,Nduba,688.7770781451957,1843.9816264075123,Urban,,,,0.0,0.0
38252,33109,30.12725830078125,-1.8755804639734492,3001010303121302,0.3735270830691991,Nduba,436.3892970070583,1168.293590444186,Peri-urban,,,,0.0,0.0
38253,33109,30.13275146484375,-1.8755804639734492,3001010303121303,0.3735270830691991,Nduba,436.3892970070583,1168.293590444186,Peri-urban,,,,0.0,0.0
38254,33109,30.13824462890625,-1.8755804639734492,3001010303121312,0.3735270830691991,Bumbogo,427.97065211459176,1145.7553454974147,Peri-urban,,,,0.0,0.0
38255,33109,30.14373779296875,-1.8755804639734492,3001010303121313,0.3735270830691991,Bumbogo,399.05323616977057,1068.3381587509748,Peri-urban,,,,0.0,0.0
38256,33109,30.14923095703125,-1.8755804639734492,3001010303130202,0.3735270830691991,Bumbogo,399.05323616977057,1068.3381587509748,Peri-urban,,,,0.0,0.0
38257,33109,30.15472412109375,-1.8755804639734492,3001010303130203,0.3735270830691991,Bumbogo,803.1833634312602,2150.2680791755697,Urban,,,,0.0,0.0
38258,33109,30.16021728515625,-1.8755804639734492,3001010303130212,0.3735270830691991,Bumbogo,371.7456657659807,995.2308215817154,Peri-urban,,,,0.0,0.0
38259,33109,30.16571044921875,-1.8755804639734492,3001010303130213,0.3735270830691991,Bumbogo,371.7456657659807,995.2308215817154,Peri-urban,,,,0.0,0.0
38260,33109,30.17120361328125,-1.8755804639734492,3001010303130302,0.3735270830691991,Ndera,256.4479009914174,686.5577159338355,Peri-urban,,,,0.0,0.0
38261,33109,30.17669677734375,-1.8755804639734492,3001010303130303,0.3735270830691991,Ndera,324.0216512637373,867.4649468555658,Peri-urban,,,,0.0,0.0
38262,33109,30.18218994140625,-1.8755804639734492,3001010303130312,0.3735270830691991,Bumbogo,324.0216512637373,867.4649468555658,Peri-urban,,,,0.0,0.0
38263,33109,30.18768310546875,-1.8755804639734492,3001010303130313,0.3735270830691991,Bumbogo,333.6796303753673,893.321115121257,Peri-urban,,,,0.0,0.0
38264,33109,30.19317626953125,-1.8755804639734492,3001010303131202,0.3735270830691991,Bumbogo,271.8651642379444,727.8325362757673,Peri-urban,,,,0.0,0.0
38265,33109,30.19866943359375,-1.8755804639734492,3001010303131203,0.3735270830691991,Gikomero,271.8651642379444,727.8325362757673,Peri-urban,,,,0.0,0.0
38266,33109,30.20416259765625,-1.8755804639734492,3001010303131212,0.3735270830691991,Gikomero,225.113034771073,602.668574715823,Peri-urban,,,,0.0,0.0
38267,33109,30.20965576171875,-1.8755804639734492,3001010303131213,0.3735270830691991,Gikomero,140.4872507922504,376.1099453295169,Peri-urban,,,,0.0,0.0
38268,33109,30.21514892578125,-1.8755804639734492,3001010303131302,0.3735270830691991,Gikomero,140.4872507922504,376.1099453295169,Peri-urban,167.196,26.009,14.0,2.0,1.0
38269,33109,30.22064208984375,-1.8755804639734492,3001010303131303,0.3735270830691991,Gikomero,400.0031851415748,1070.8813450816654,Peri-urban,,,,0.0,0.0
38270,33109,30.22613525390625,-1.8755804639734492,3001010303131312,0.3735270830691991,Gikomero,156.99140329062803,420.2945660610747,Peri-urban,,,,0.0,0.0
38271,33109,30.23162841796875,-1.8755804639734492,3001010303131313,0.3735270830691991,Gikomero,156.99140329062803,420.2945660610747,Peri-urban,,,,0.0,0.0
38272,33109,30.23712158203125,-1.8755804639734492,3001010312020202,0.3735270830691991,Gikomero,155.60364037856425,416.5792721106045,Peri-urban,,,,0.0,0.0
38273,33109,30.24261474609375,-1.8755804639734492,3001010312020203,0.3735270830691991,Gikomero,134.8767022416541,361.08948548897337,Peri-urban,,,,0.0,0.0
38274,33109,30.24810791015625,-1.8755804639734492,3001010312020212,0.3735270830691991,Gikomero,134.8767022416541,361.08948548897337,Peri-urban,,,,0.0,0.0
38275,33109,30.25360107421875,-1.8755804639734492,3001010312020213,0.3735270830691991,Gikomero,248.75186525866968,665.9540272547955,Peri-urban,,,,0.0,0.0
38225,33110,29.97894287109375,-1.8810706764837721,3001010303030221,0.3735247354853679,Kanyinya,300.49395855967873,804.4820864921006,Peri-urban,,,,0.0,0.0
38226,33110,29.98443603515625,-1.8810706764837721,3001010303030230,0.3735247354853679,Kanyinya,738.0366462259365,1975.8708757718873,Urban,,,,0.0,0.0
38227,33110,29.98992919921875,-1.8810706764837721,3001010303030231,0.3735247354853679,Kanyinya,738.0366462259365,1975.8708757718873,Urban,,,,0.0,0.0
38228,33110,29.99542236328125,-1.8810706764837721,3001010303030320,0.3735247354853679,Jali,348.287527249269,932.4349746120427,Peri-urban,,,,0.0,0.0
38229,33110,30.00091552734375,-1.8810706764837721,3001010303030321,0.3735247354853679,Jali,432.5622561837064,1158.0551837393675,Peri-urban,,,,0.0,0.0
38230,33110,30.00640869140625,-1.8810706764837721,3001010303030330,0.3735247354853679,Jali,432.5622561837064,1158.0551837393675,Peri-urban,,,,0.0,0.0
38231,33110,30.01190185546875,-1.8810706764837721,3001010303030331,0.3735247354853679,Jali,212.00853272814095,567.5890043872234,Peri-urban,,,,0.0,0.0
38232,33110,30.01739501953125,-1.8810706764837721,3001010303031220,0.3735247354853679,Jali,144.60885490706025,387.1466630426809,Peri-urban,,,,0.0,0.0
38233,33110,30.02288818359375,-1.8810706764837721,3001010303031221,0.3735247354853679,Jali,144.60885490706025,387.1466630426809,Peri-urban,,,,0.0,0.0
38234,33110,30.02838134765625,-1.8810706764837721,3001010303031230,0.3735247354853679,Jali,595.4694399873865,1594.1901122387994,Urban,,,,0.0,0.0
38235,33110,30.03387451171875,-1.8810706764837721,3001010303031231,0.3735247354853679,Jali,346.99872084917354,928.984583573225,Peri-urban,,,,0.0,0.0
38236,33110,30.03936767578125,-1.8810706764837721,3001010303031320,0.3735247354853679,Jabana,346.99872084917354,928.984583573225,Peri-urban,,,,0.0,0.0
38237,33110,30.04486083984375,-1.8810706764837721,3001010303031321,0.3735247354853679,Jabana,373.1603566108048,999.0244852885321,Peri-urban,,,,0.0,0.0
38238,33110,30.05035400390625,-1.8810706764837721,3001010303031330,0.3735247354853679,Jabana,1219.6403409837937,3265.219743476857,Urban,,,,0.0,0.0
38239,33110,30.05584716796875,-1.8810706764837721,3001010303031331,0.3735247354853679,Jabana,1219.6403409837937,3265.219743476857,Urban,31.159,5.672,26.0,2.0,1.0
38240,33110,30.06134033203125,-1.8810706764837721,3001010303120220,0.3735247354853679,Jabana,1313.7990234714885,3517.3012618944854,Urban,,,,0.0,0.0
38241,33110,30.06683349609375,-1.8810706764837721,3001010303120221,0.3735247354853679,Jabana,1076.6532018844528,2882.4147361631117,Urban,,,,0.0,0.0
38242,33110,30.07232666015625,-1.8810706764837721,3001010303120230,0.3735247354853679,Jabana,1076.6532018844528,2882.4147361631117,Urban,,,,0.0,0.0
38243,33110,30.07781982421875,-1.8810706764837721,3001010303120231,0.3735247354853679,Jabana,535.6468870283226,1434.0332410175965,Peri-urban,,,,0.0,0.0
38244,33110,30.08331298828125,-1.8810706764837721,3001010303120320,0.3735247354853679,Nduba,535.6468870283226,1434.0332410175965,Peri-urban,,,,0.0,0.0
38245,33110,30.08880615234375,-1.8810706764837721,3001010303120321,0.3735247354853679,Nduba,870.8179437339636,2331.352815503369,Urban,,,,0.0,0.0
38246,33110,30.09429931640625,-1.8810706764837721,3001010303120330,0.3735247354853679,Nduba,2444.2338402305327,6543.700076661404,Dense core,5.88,3.642,22.0,3.0,2.0
38247,33110,30.09979248046875,-1.8810706764837721,3001010303120331,0.3735247354853679,Nduba,2444.2338402305327,6543.700076661404,Dense core,0.866,15.181,18.0,1.0,1.0
38248,33110,30.10528564453125,-1.8810706764837721,3001010303121220,0.3735247354853679,Nduba,1517.8947198868786,4063.7060298416013,Urban,,,,0.0,0.0
38249,33110,30.11077880859375,-1.8810706764837721,3001010303121221,0.3735247354853679,Nduba,661.5754011613975,1771.16891683687,Urban,,,,0.0,0.0
38250,33110,30.11627197265625,-1.8810706764837721,3001010303121230,0.3735247354853679,Nduba,661.5754011613975,1771.16891683687,Urban,,,,0.0,0.0
38251,33110,30.12176513671875,-1.8810706764837721,3001010303121231,0.3735247354853679,Nduba,688.7749136910692,1843.9874210634455,Urban,,,,0.0,0.0
38252,33110,30.12725830078125,-1.8810706764837721,3001010303121320,0.3735247354853679,Nduba,436.38792567133214,1168.2972617711064,Peri-urban,,,,0.0,0.0
38253,33110,30.13275146484375,-1.8810706764837721,3001010303121321,0.3735247354853679,Nduba,436.38792567133214,1168.2972617711064,Peri-urban,,,,0.0,0.0
38254,33110,30.13824462890625,-1.8810706764837721,3001010303121330,0.3735247354853679,Bumbogo,427.9693072341168,1145.7589459985888,Peri-urban,,,,0.0,0.0
38255,33110,30.14373779296875,-1.8810706764837721,3001010303121331,0.3735247354853679,Bumbogo,399.05198216110637,1068.3415159710044,Peri-urban,,,,0.0,0.0
38256,33110,30.14923095703125,-1.8810706764837721,3001010303130220,0.3735247354853679,Bumbogo,399.05198216110637,1068.3415159710044,Peri-urban,80.812,17.865,20.0,5.0,1.0
38257,33110,30.15472412109375,-1.8810706764837721,3001010303130221,0.3735247354853679,Bumbogo,803.1808394600067,2150.2748363273245,Urban,,,,0.0,0.0
38258,33110,30.16021728515625,-1.8810706764837721,3001010303130230,0.3735247354853679,Bumbogo,371.7444975702527,995.2339490641713,Peri-urban,,,,0.0,0.0
38259,33110,30.16571044921875,-1.8810706764837721,3001010303130231,0.3735247354853679,Bumbogo,371.7444975702527,995.2339490641713,Peri-urban,,,,0.0,0.0
38260,33110,30.17120361328125,-1.8810706764837721,3001010303130320,0.3735247354853679,Ndera,256.4470951142546,686.5598734204857,Peri-urban,,,,0.0,0.0
38261,33110,30.17669677734375,-1.8810706764837721,3001010303130321,0.3735247354853679,Ndera,324.0206330387958,867.4676728376631,Peri-urban,,,,0.0,0.0
38262,33110,30.18218994140625,-1.8810706764837721,3001010303130330,0.3735247354853679,Ndera,324.0206330387958,867.4676728376631,Peri-urban,,,,0.0,0.0
38263,33110,30.18768310546875,-1.8810706764837721,3001010303130331,0.3735247354853679,Bumbogo,333.6785818006168,893.3239223555732,Peri-urban,,,,0.0,0.0
38264,33110,30.19317626953125,-1.8810706764837721,3001010303131220,0.3735247354853679,Bumbogo,271.864309912655,727.8348234672795,Peri-urban,,,,0.0,0.0
38265,33110,30.19866943359375,-1.8810706764837721,3001010303131221,0.3735247354853679,Gikomero,271.864309912655,727.8348234672795,Peri-urban,,,,0.0,0.0
38266,33110,30.20416259765625,-1.8810706764837721,3001010303131230,0.3735247354853679,Gikomero,225.11232736246072,602.6704685834094,Peri-urban,,,,0.0,0.0
38267,33110,30.20965576171875,-1.8810706764837721,3001010303131231,0.3735247354853679,Gikomero,140.48680931674355,376.1111272435312,Peri-urban,,,,0.0,0.0
38268,33110,30.21514892578125,-1.8810706764837721,3001010303131320,0.3735247354853679,Gikomero,140.48680931674355,376.1111272435312,Peri-urban,,,,0.0,0.0
38269,33110,30.22064208984375,-1.8810706764837721,3001010303131321,0.3735247354853679,Gikomero,400.0019281477344,1070.8847102935804,Peri-urban,,,,0.0,0.0
38270,33110,30.22613525390625,-1.8810706764837721,3001010303131330,0.3735247354853679,Gikomero,156.9909099514891,420.29588682391,Peri-urban,,,,0.0,0.0
38271,33110,30.23162841796875,-1.8810706764837721,3001010303131331,0.3735247354853679,Gikomero,156.9909099514891,420.29588682391,Peri-urban,,,,0.0,0.0
38272,33110,30.23712158203125,-1.8810706764837721,3001010312020220,0.3735247354853679,Gikomero,155.60315140041413,416.5805811982419,Peri-urban,,,,0.0,0.0
38273,33110,30.24261474609375,-1.8810706764837721,3001010312020221,0.3735247354853679,Gikomero,134.87627839706929,361.0906202016514,Peri-urban,,,,0.0,0.0
38274,33110,30.24810791015625,-1.8810706764837721,3001010312020230,0.3735247354853679,Gikomero,134.87627839706929,361.0906202016514,Peri-urban,,,,0.0,0.0
38275,33110,30.25360107421875,-1.8810706764837721,3001010312020231,0.3735247354853679,Gikomero,248.75108356598815,665.9561199949835,Peri-urban,,,,0.0,0.0
38225,33111,29.97894287109375,-1.8865608717161193,3001010303030223,0.37352238105701446,Kanyinya,251.49156975619434,673.2971905043802,Peri-urban,,,,0.0,0.0
38226,33111,29.98443603515625,-1.8865608717161193,3001010303030232,0.37352238105701446,Kanyinya,718.8730491002558,1924.578246331448,Urban,,,,0.0,0.0
38227,33111,29.98992919921875,-1.8865608717161193,3001010303030233,0.37352238105701446,Kanyinya,718.8730491002558,1924.578246331448,Urban,,,,0.0,0.0
38228,33111,29.99542236328125,-1.8865608717161193,3001010303030322,0.37352238105701446,Jali,284.83775244598985,762.5721158660964,Peri-urban,,,,0.0,0.0
38229,33111,30.00091552734375,-1.8865608717161193,3001010303030323,0.37352238105701446,Jali,353.5528396566516,946.5372293251828,Peri-urban,,,,0.0,0.0
38230,33111,30.00640869140625,-1.8865608717161193,3001010303030332,0.37352238105701446,Jali,353.5528396566516,946.5372293251828,Peri-urban,,,,0.0,0.0
38231,33111,30.01190185546875,-1.8865608717161193,3001010303030333,0.37352238105701446,Jali,274.87507953714356,735.8998910835992,Peri-urban,,,,0.0,0.0
38232,33111,30.01739501953125,-1.8865608717161193,3001010303031222,0.37352238105701446,Jali,183.5932355088656,491.51870093921343,Peri-urban,,,,0.0,0.0
38233,33111,30.02288818359375,-1.8865608717161193,3001010303031223,0.37352238105701446,Jali,183.5932355088656,491.51870093921343,Peri-urban,,,,0.0,0.0
38234,33111,30.02838134765625,-1.8865608717161193,3001010303031232,0.37352238105701446,Jali,635.0690606680479,1700.2168889341892,Urban,,,,0.0,0.0
38235,33111,30.03387451171875,-1.8865608717161193,3001010303031233,0.37352238105701446,Jali,957.7561317509557,2564.119796625423,Urban,,,,0.0,0.0
38236,33111,30.03936767578125,-1.8865608717161193,3001010303031322,0.37352238105701446,Jali,957.7561317509557,2564.119796625423,Urban,,,,0.0,0.0
38237,33111,30.04486083984375,-1.8865608717161193,3001010303031323,0.37352238105701446,Jabana,1025.5031294611654,2745.4931256304894,Urban,,,,0.0,0.0
38238,33111,30.05035400390625,-1.8865608717161193,3001010303031332,0.37352238105701446,Jabana,1947.8988695382557,5214.945524886575,Urban,12.879,30.662,19.0,1.0,1.0
38239,33111,30.05584716796875,-1.8865608717161193,3001010303031333,0.37352238105701446,Jabana,1947.8988695382557,5214.945524886575,Urban,,,,0.0,0.0
38240,33111,30.06134033203125,-1.8865608717161193,3001010303120222,0.37352238105701446,Jabana,2002.180838292873,5360.27006635316,Urban,3.458,2.545,42.0,8.0,1.0
38241,33111,30.06683349609375,-1.8865608717161193,3001010303120223,0.37352238105701446,Jabana,1067.1626009388922,2857.0245186352045,Urban,,,,0.0,0.0
38242,33111,30.07232666015625,-1.8865608717161193,3001010303120232,0.37352238105701446,Jabana,1067.1626009388922,2857.0245186352045,Urban,,,,0.0,0.0
38243,33111,30.07781982421875,-1.8865608717161193,3001010303120233,0.37352238105701446,Nduba,96.29827929780352,257.8112696360879,Rural,,,,0.0,0.0
38244,33111,30.08331298828125,-1.8865608717161193,3001010303120322,0.37352238105701446,Nduba,96.29827929780352,257.8112696360879,Rural,,,,0.0,0.0
38245,33111,30.08880615234375,-1.8865608717161193,3001010303120323,0.37352238105701446,Nduba,712.3208788858786,1907.0366730639093,Urban,,,,0.0,0.0
38246,33111,30.09429931640625,-1.8865608717161193,3001010303120332,0.37352238105701446,Nduba,1817.3215102664496,4865.361762590214,Urban,17.388,15.934,15.0,16.0,2.0
38247,33111,30.09979248046875,-1.8865608717161193,3001010303120333,0.37352238105701446,Nduba,1817.3215102664496,4865.361762590214,Urban,,,,0.0,0.0
38248,33111,30.10528564453125,-1.8865608717161193,3001010303121222,0.37352238105701446,Nduba,1669.6597477035964,4470.039366794301,Urban,,,,0.0,0.0
38249,33111,30.11077880859375,-1.8865608717161193,3001010303121223,0.37352238105701446,Nduba,1749.32163563405,4683.311427507294,Urban,,,,0.0,0.0
38250,33111,30.11627197265625,-1.8865608717161193,3001010303121232,0.37352238105701446,Nduba,1749.32163563405,4683.311427507294,Urban,,,,0.0,0.0
38251,33111,30.12176513671875,-1.8865608717161193,3001010303121233,0.37352238105701446,Bumbogo,1402.5869192739349,3755.0277852288696,Urban,,,,0.0,0.0
38252,33111,30.12725830078125,-1.8865608717161193,3001010303121322,0.37352238105701446,Bumbogo,517.9479239583854,1386.6583375611056,Peri-urban,,,,0.0,0.0
38253,33111,30.13275146484375,-1.8865608717161193,3001010303121323,0.37352238105701446,Bumbogo,517.9479239583854,1386.6583375611056,Peri-urban,,,,0.0,0.0
38254,33111,30.13824462890625,-1.8865608717161193,3001010303121332,0.37352238105701446,Bumbogo,514.1963469770327,1376.6145565947916,Peri-urban,55.739,26.992,20.0,5.0,1.0
38255,33111,30.14373779296875,-1.8865608717161193,3001010303121333,0.37352238105701446,Bumbogo,660.9481155501566,1769.5007021527565,Urban,,,,0.0,0.0
38256,33111,30.14923095703125,-1.8865608717161193,3001010303130222,0.37352238105701446,Bumbogo,660.9481155501566,1769.5007021527565,Urban,,,,0.0,0.0
38257,33111,30.15472412109375,-1.8865608717161193,3001010303130223,0.37352238105701446,Bumbogo,418.0354140594826,1119.170992850556,Peri-urban,,,,0.0,0.0
38258,33111,30.16021728515625,-1.8865608717161193,3001010303130232,0.37352238105701446,Bumbogo,453.78544861440497,1214.8815482763243,Peri-urban,,,,0.0,0.0
38259,33111,30.16571044921875,-1.8865608717161193,3001010303130233,0.37352238105701446,Bumbogo,453.78544861440497,1214.8815482763243,Peri-urban,,,,0.0,0.0
38260,33111,30.17120361328125,-1.8865608717161193,3001010303130322,0.37352238105701446,Ndera,349.2393880872123,934.9891888644403,Peri-urban,,,,0.0,0.0
38261,33111,30.17669677734375,-1.8865608717161193,3001010303130323,0.37352238105701446,Ndera,443.6592703338557,1187.77158433817,Peri-urban,,,,0.0,0.0
38262,33111,30.18218994140625,-1.8865608717161193,3001010303130332,0.37352238105701446,Ndera,443.6592703338557,1187.77158433817,Peri-urban,,,,0.0,0.0
38263,33111,30.18768310546875,-1.8865608717161193,3001010303130333,0.37352238105701446,Ndera,318.2782436038118,852.0995253433817,Peri-urban,,,,0.0,0.0
38264,33111,30.19317626953125,-1.8865608717161193,3001010303131222,0.37352238105701446,Bumbogo,370.4637569967537,991.8114035051788,Peri-urban,,,,0.0,0.0
38265,33111,30.19866943359375,-1.8865608717161193,3001010303131223,0.37352238105701446,Bumbogo,370.4637569967537,991.8114035051788,Peri-urban,,,,0.0,0.0
38266,33111,30.20416259765625,-1.8865608717161193,3001010303131232,0.37352238105701446,Gikomero,241.15892157832732,645.6344621060788,Peri-urban,,,,0.0,0.0
38267,33111,30.20965576171875,-1.8865608717161193,3001010303131233,0.37352238105701446,Gikomero,304.5864366738874,815.4436042412017,Peri-urban,,,,0.0,0.0
38268,33111,30.21514892578125,-1.8865608717161193,3001010303131322,0.37352238105701446,Gikomero,304.5864366738874,815.4436042412017,Peri-urban,,,,0.0,0.0
38269,33111,30.22064208984375,-1.8865608717161193,3001010303131323,0.37352238105701446,Gikomero,500.1804647681854,1339.0910160530323,Peri-urban,,,,0.0,0.0
38270,33111,30.22613525390625,-1.8865608717161193,3001010303131332,0.37352238105701446,Gikomero,186.76545854543753,500.0114264021294,Peri-urban,,,,0.0,0.0
38271,33111,30.23162841796875,-1.8865608717161193,3001010303131333,0.37352238105701446,Gikomero,186.76545854543753,500.0114264021294,Peri-urban,,,,0.0,0.0
38272,33111,30.23712158203125,-1.8865608717161193,3001010312020222,0.37352238105701446,Gikomero,117.6505477291711,314.9758988905484,Peri-urban,,,,0.0,0.0
38273,33111,30.24261474609375,-1.8865608717161193,3001010312020223,0.37352238105701446,Gikomero,170.0144306185162,455.16531067669865,Peri-urban,,,,0.0,0.0
38274,33111,30.24810791015625,-1.8865608717161193,3001010312020232,0.37352238105701446,Gikomero,170.0144306185162,455.16531067669865,Peri-urban,,,,0.0,0.0
38275,33111,30.25360107421875,-1.8865608717161193,3001010312020233,0.37352238105701446,Gikomero,267.6891425408872,716.6615874084051,Peri-urban,,,,0.0,0.0
38226,33112,29.98443603515625,-1.8920510496201348,3001010303032010,0.3735200197843119,Kanyinya,480.0908166148904,1285.3148189811018,Peri-urban,,,,0.0,0.0
38227,33112,29.98992919921875,-1.8920510496201348,3001010303032011,0.3735200197843119,Kanyinya,480.0908166148904,1285.3148189811018,Peri-urban,,,,0.0,0.0
38228,33112,29.99542236328125,-1.8920510496201348,3001010303032100,0.3735200197843119,Jali,494.38397498096907,1323.5809295213942,Peri-urban,,,,0.0,0.0
38229,33112,30.00091552734375,-1.8920510496201348,3001010303032101,0.3735200197843119,Jali,337.39014653487317,903.271922960644,Peri-urban,,,,0.0,0.0
38230,33112,30.00640869140625,-1.8920510496201348,3001010303032110,0.3735200197843119,Jali,337.39014653487317,903.271922960644,Peri-urban,,,,0.0,0.0
38231,33112,30.01190185546875,-1.8920510496201348,3001010303032111,0.3735200197843119,Jali,283.97057260739814,760.255294405307,Peri-urban,,,,0.0,0.0
38232,33112,30.01739501953125,-1.8920510496201348,3001010303033000,0.3735200197843119,Jali,190.2966611421489,509.46843827015,Peri-urban,,,,0.0,0.0
38233,33112,30.02288818359375,-1.8920510496201348,3001010303033001,0.3735200197843119,Jali,190.2966611421489,509.46843827015,Peri-urban,,,,0.0,0.0
38234,33112,30.02838134765625,-1.8920510496201348,3001010303033010,0.3735200197843119,Jali,280.76817778096876,751.681738352599,Peri-urban,,,,0.0,0.0
38235,33112,30.03387451171875,-1.8920510496201348,3001010303033011,0.3735200197843119,Jali,1883.1799087559018,5041.710775886495,Urban,,,,0.0,0.0
38236,33112,30.03936767578125,-1.8920510496201348,3001010303033100,0.3735200197843119,Jali,1883.1799087559018,5041.710775886495,Urban,,,,0.0,0.0
38237,33112,30.04486083984375,-1.8920510496201348,3001010303033101,0.3735200197843119,Jabana,905.3110371087583,2423.7282853848847,Urban,,,,0.0,0.0
38238,33112,30.05035400390625,-1.8920510496201348,3001010303033110,0.3735200197843119,Jabana,2826.060502729408,7566.021506320623,Dense core,,,,0.0,0.0
38239,33112,30.05584716796875,-1.8920510496201348,3001010303033111,0.3735200197843119,Jabana,2826.060502729408,7566.021506320623,Dense core,2.854,3.971,22.0,2.0,1.0
38240,33112,30.06134033203125,-1.8920510496201348,3001010303122000,0.3735200197843119,Jabana,891.1673200985457,2385.8622641248194,Urban,,,,0.0,0.0
38241,33112,30.06683349609375,-1.8920510496201348,3001010303122001,0.3735200197843119,Jabana,1827.7096258225538,4893.203922183234,Urban,,,,0.0,0.0
38242,33112,30.07232666015625,-1.8920510496201348,3001010303122010,0.3735200197843119,Nduba,1827.7096258225538,4893.203922183234,Urban,,,,0.0,0.0
38243,33112,30.07781982421875,-1.8920510496201348,3001010303122011,0.3735200197843119,Kinyinya,2762.044309117029,7394.635261349483,Dense core,,,,0.0,0.0
38244,33112,30.08331298828125,-1.8920510496201348,3001010303122100,0.3735200197843119,Kinyinya,2762.044309117029,7394.635261349483,Dense core,,,,0.0,0.0
38245,33112,30.08880615234375,-1.8920510496201348,3001010303122101,0.3735200197843119,Kinyinya,2587.300183338586,6926.804578861973,Dense core,,,,0.0,0.0
38246,33112,30.09429931640625,-1.8920510496201348,3001010303122110,0.3735200197843119,Kinyinya,757.2061673112753,2027.2170893236778,Urban,,,,0.0,0.0
38247,33112,30.09979248046875,-1.8920510496201348,3001010303122111,0.3735200197843119,Kinyinya,757.2061673112753,2027.2170893236778,Urban,,,,0.0,0.0
38248,33112,30.10528564453125,-1.8920510496201348,3001010303123000,0.3735200197843119,Kinyinya,1093.8310940462445,2928.4403408360126,Urban,,,,0.0,0.0
38249,33112,30.11077880859375,-1.8920510496201348,3001010303123001,0.3735200197843119,Bumbogo,1363.5665502427441,3650.5849165196873,Urban,,,,0.0,0.0
38250,33112,30.11627197265625,-1.8920510496201348,3001010303123010,0.3735200197843119,Bumbogo,1363.5665502427441,3650.5849165196873,Urban,,,,0.0,0.0
38251,33112,30.12176513671875,-1.8920510496201348,3001010303123011,0.3735200197843119,Bumbogo,1843.4799586194565,4935.424772369548,Urban,,,,0.0,0.0
38252,33112,30.12725830078125,-1.8920510496201348,3001010303123100,0.3735200197843119,Bumbogo,981.4556776755823,2627.58520478319,Urban,,,,0.0,0.0
38253,33112,30.13275146484375,-1.8920510496201348,3001010303123101,0.3735200197843119,Bumbogo,981.4556776755823,2627.58520478319,Urban,,,,0.0,0.0
38254,33112,30.13824462890625,-1.8920510496201348,3001010303123110,0.3735200197843119,Bumbogo,1621.5739555746948,4341.330771269149,Urban,,,,0.0,0.0
38255,33112,30.14373779296875,-1.8920510496201348,3001010303123111,0.3735200197843119,Bumbogo,656.285911214968,1757.030082601566,Urban,,,,0.0,0.0
38256,33112,30.14923095703125,-1.8920510496201348,3001010303132000,0.3735200197843119,Bumbogo,656.285911214968,1757.030082601566,Urban,,,,0.0,0.0
38257,33112,30.15472412109375,-1.8920510496201348,3001010303132001,0.3735200197843119,Bumbogo,507.8457590612167,1359.6212576623627,Peri-urban,,,,0.0,0.0
38258,33112,30.16021728515625,-1.8920510496201348,3001010303132010,0.3735200197843119,Bumbogo,574.5391411920249,1538.1749591997532,Urban,,,,0.0,0.0
38259,33112,30.16571044921875,-1.8920510496201348,3001010303132011,0.3735200197843119,Bumbogo,574.5391411920249,1538.1749591997532,Urban,,,,0.0,0.0
38260,33112,30.17120361328125,-1.8920510496201348,3001010303132100,0.3735200197843119,Bumbogo,355.5747844936626,951.95642980258,Peri-urban,,,,0.0,0.0
38261,33112,30.17669677734375,-1.8920510496201348,3001010303132101,0.3735200197843119,Ndera,342.0276587248328,915.6876221047958,Peri-urban,,,,0.0,0.0
38262,33112,30.18218994140625,-1.8920510496201348,3001010303132110,0.3735200197843119,Ndera,342.0276587248328,915.6876221047958,Peri-urban,,,,0.0,0.0
38263,33112,30.18768310546875,-1.8920510496201348,3001010303132111,0.3735200197843119,Ndera,350.32322844683154,937.8967923837783,Peri-urban,,,,0.0,0.0
38264,33112,30.19317626953125,-1.8920510496201348,3001010303133000,0.3735200197843119,Bumbogo,321.4568159162508,860.614689680824,Peri-urban,,,,0.0,0.0
38265,33112,30.19866943359375,-1.8920510496201348,3001010303133001,0.3735200197843119,Gikomero,321.4568159162508,860.614689680824,Peri-urban,,,,0.0,0.0
38266,33112,30.20416259765625,-1.8920510496201348,3001010303133010,0.3735200197843119,Gikomero,231.47670782164468,619.7170046074378,Peri-urban,,,,0.0,0.0
38267,33112,30.20965576171875,-1.8920510496201348,3001010303133011,0.3735200197843119,Gikomero,253.38256897128304,678.3640917496152,Peri-urban,,,,0.0,0.0
38268,33112,30.21514892578125,-1.8920510496201348,3001010303133100,0.3735200197843119,Gikomero,253.38256897128304,678.3640917496152,Peri-urban,,,,0.0,0.0
38269,33112,30.22064208984375,-1.8920510496201348,3001010303133101,0.3735200197843119,Gikomero,348.2998725462732,932.4797978630384,Peri-urban,,,,0.0,0.0
38270,33112,30.22613525390625,-1.8920510496201348,3001010303133110,0.3735200197843119,Gikomero,195.62708753313396,523.7392299510433,Peri-urban,,,,0.0,0.0
38271,33112,30.23162841796875,-1.8920510496201348,3001010303133111,0.3735200197843119,Gikomero,195.62708753313396,523.7392299510433,Peri-urban,,,,0.0,0.0
38272,33112,30.23712158203125,-1.8920510496201348,3001010312022000,0.3735200197843119,Gikomero,307.50080792338866,823.2512091345309,Peri-urban,,,,0.0,0.0
38273,33112,30.24261474609375,-1.8920510496201348,3001010312022001,0.3735200197843119,Gikomero,305.6432251840161,818.2780279367862,Peri-urban,,,,0.0,0.0
38274,33112,30.24810791015625,-1.8920510496201348,3001010312022010,0.3735200197843119,Gikomero,305.6432251840161,818.2780279367862,Peri-urban,,,,0.0,0.0
38275,33112,30.25360107421875,-1.8920510496201348,3001010312022011,0.3735200197843119,Gikomero,356.33029060543515,953.979095447674,Peri-urban,,,,0.0,0.0
38227,33113,29.98992919921875,-1.8975412101454638,3001010303032013,0.3735176516674333,Kanyinya,480.08929472461966,1285.3188934483717,Peri-urban,,,,0.0,0.0
38228,33113,29.99542236328125,-1.8975412101454638,3001010303032102,0.3735176516674333,Kanyinya,494.38240778131535,1323.5851252928087,Peri-urban,,,,0.0,0.0
38229,33113,30.00091552734375,-1.8975412101454638,3001010303032103,0.3735176516674333,Jali,337.3890770064346,903.2747863461985,Peri-urban,,,,0.0,0.0
38230,33113,30.00640869140625,-1.8975412101454638,3001010303032112,0.3735176516674333,Jali,337.3890770064346,903.2747863461985,Peri-urban,,,,0.0,0.0
38231,33113,30.01190185546875,-1.8975412101454638,3001010303032113,0.3735176516674333,Jali,283.969672419274,760.2577044260023,Peri-urban,,,,0.0,0.0
38232,33113,30.01739501953125,-1.8975412101454638,3001010303033002,0.3735176516674333,Jali,190.2960579007889,509.47005329274685,Peri-urban,,,,0.0,0.0
38233,33113,30.02288818359375,-1.8975412101454638,3001010303033003,0.3735176516674333,Jali,190.2960579007889,509.47005329274685,Peri-urban,,,,0.0,0.0
38234,33113,30.02838134765625,-1.8975412101454638,3001010303033012,0.3735176516674333,Jali,280.76728774445206,751.6841211949929,Peri-urban,,,,0.0,0.0
38235,33113,30.03387451171875,-1.8975412101454638,3001010303033013,0.3735176516674333,Jali,1883.1739390662472,5041.726758185334,Urban,10.824,8.199,29.0,4.0,2.0
38236,33113,30.03936767578125,-1.8975412101454638,3001010303033102,0.3735176516674333,Jali,1883.1739390662472,5041.726758185334,Urban,,,,0.0,0.0
38237,33113,30.04486083984375,-1.8975412101454638,3001010303033103,0.3735176516674333,Jabana,905.3081672682788,2423.7359686399313,Urban,,,,0.0,0.0
38238,33113,30.05035400390625,-1.8975412101454638,3001010303033112,0.3735176516674333,Jabana,2826.0515441035923,7566.045490722369,Dense core,,,,0.0,0.0
38239,33113,30.05584716796875,-1.8975412101454638,3001010303033113,0.3735176516674333,Jabana,2826.0515441035923,7566.045490722369,Dense core,,,,0.0,0.0
38240,33113,30.06134033203125,-1.8975412101454638,3001010303122002,0.3735176516674333,Jabana,891.1644950937193,2385.8698273440104,Urban,,,,0.0,0.0
38241,33113,30.06683349609375,-1.8975412101454638,3001010303122003,0.3735176516674333,Kinyinya,1827.7038319739713,4893.219433713118,Urban,,,,0.0,0.0
38242,33113,30.07232666015625,-1.8975412101454638,3001010303122012,0.3735176516674333,Kinyinya,1827.7038319739713,4893.219433713118,Urban,64.265,19.17,27.0,4.0,1.0
38243,33113,30.07781982421875,-1.8975412101454638,3001010303122013,0.3735176516674333,Kinyinya,2762.0355534228647,7394.6587024542605,Dense core,6.704,0.423,31.0,8.0,1.0
38244,33113,30.08331298828125,-1.8975412101454638,3001010303122102,0.3735176516674333,Kinyinya,2762.0355534228647,7394.6587024542605,Dense core,11.503,0.495,26.0,6.0,1.0
38245,33113,30.08880615234375,-1.8975412101454638,3001010303122103,0.3735176516674333,Kinyinya,2587.291981584168,6926.826536936465,Dense core,51.42,7.539,20.0,142.0,3.0
38246,33113,30.09429931640625,-1.8975412101454638,3001010303122112,0.3735176516674333,Kinyinya,757.203766963968,2027.2235156322813,Urban,,,,0.0,0.0
38247,33113,30.09979248046875,-1.8975412101454638,3001010303122113,0.3735176516674333,Kinyinya,757.203766963968,2027.2235156322813,Urban,11.215,2.636,28.0,8.0,1.0
38248,33113,30.10528564453125,-1.8975412101454638,3001010303123002,0.3735176516674333,Kinyinya,1093.8276265962493,2928.4496240358517,Urban,,,,0.0,0.0
38249,33113,30.11077880859375,-1.8975412101454638,3001010303123003,0.3735176516674333,Kinyinya,1363.5622277300142,3650.5964889286706,Urban,,,,0.0,0.0
38250,33113,30.11627197265625,-1.8975412101454638,3001010303123012,0.3735176516674333,Kinyinya,1363.5622277300142,3650.5964889286706,Urban,,,,0.0,0.0
38251,33113,30.12176513671875,-1.8975412101454638,3001010303123013,0.3735176516674333,Bumbogo,1843.4741147788407,4935.44041774016,Urban,,,,0.0,0.0
38252,33113,30.12725830078125,-1.8975412101454638,3001010303123102,0.3735176516674333,Bumbogo,981.4525664562143,2627.5935342677312,Urban,,,,0.0,0.0
38253,33113,30.13275146484375,-1.8975412101454638,3001010303123103,0.3735176516674333,Bumbogo,981.4525664562143,2627.5935342677312,Urban,,,,0.0,0.0
38254,33113,30.13824462890625,-1.8975412101454638,3001010303123112,0.3735176516674333,Bumbogo,1621.5688151772097,4341.344533352861,Urban,,,,0.0,0.0
38255,33113,30.14373779296875,-1.8975412101454638,3001010303123113,0.3735176516674333,Bumbogo,656.2838307853731,1757.035652413302,Urban,,,,0.0,0.0
38256,33113,30.14923095703125,-1.8975412101454638,3001010303132002,0.3735176516674333,Bumbogo,656.2838307853731,1757.035652413302,Urban,,,,0.0,0.0
38257,33113,30.15472412109375,-1.8975412101454638,3001010303132003,0.3735176516674333,Bumbogo,507.84414918764065,1359.6255676821584,Peri-urban,,,,0.0,0.0
38258,33113,30.16021728515625,-1.8975412101454638,3001010303132012,0.3735176516674333,Bumbogo,574.5373199000966,1538.1798352374628,Urban,,,,0.0,0.0
38259,33113,30.16571044921875,-1.8975412101454638,3001010303132013,0.3735176516674333,Bumbogo,574.5373199000966,1538.1798352374628,Urban,,,,0.0,0.0
38260,33113,30.17120361328125,-1.8975412101454638,3001010303132102,0.3735176516674333,Bumbogo,355.5736573198314,951.9594475187519,Peri-urban,,,,0.0,0.0
38261,33113,30.17669677734375,-1.8975412101454638,3001010303132103,0.3735176516674333,Ndera,342.0265744954576,915.6905248483031,Peri-urban,,,,0.0,0.0
38262,33113,30.18218994140625,-1.8975412101454638,3001010303132112,0.3735176516674333,Ndera,342.0265744954576,915.6905248483031,Peri-urban,,,,0.0,0.0
38263,33113,30.18768310546875,-1.8975412101454638,3001010303132113,0.3735176516674333,Ndera,350.32211792045916,937.8997655306888,Peri-urban,,,,0.0,0.0
38264,33113,30.19317626953125,-1.8975412101454638,3001010303133002,0.3735176516674333,Ndera,321.4557968965493,860.6174178423087,Peri-urban,,,,0.0,0.0
38265,33113,30.19866943359375,-1.8975412101454638,3001010303133003,0.3735176516674333,Gikomero,321.4557968965493,860.6174178423087,Peri-urban,,,,0.0,0.0
38266,33113,30.20416259765625,-1.8975412101454638,3001010303133012,0.3735176516674333,Gikomero,231.47597403933236,619.7189691196448,Peri-urban,,,,0.0,0.0
38267,33113,30.20965576171875,-1.8975412101454638,3001010303133013,0.3735176516674333,Gikomero,253.38176574728217,678.3662421739688,Peri-urban,,,,0.0,0.0
38268,33113,30.21514892578125,-1.8975412101454638,3001010303133102,0.3735176516674333,Gikomero,253.38176574728217,678.3662421739688,Peri-urban,,,,0.0,0.0
38269,33113,30.22064208984375,-1.8975412101454638,3001010303133103,0.3735176516674333,Rusororo,348.298768433949,932.4827538379947,Peri-urban,,,,0.0,0.0
38270,33113,30.22613525390625,-1.8975412101454638,3001010303133112,0.3735176516674333,Rusororo,195.62646739429584,523.740890212264,Peri-urban,,,,0.0,0.0
38271,33113,30.23162841796875,-1.8975412101454638,3001010303133113,0.3735176516674333,Gikomero,195.62646739429584,523.740890212264,Peri-urban,,,,0.0,0.0
38272,33113,30.23712158203125,-1.8975412101454638,3001010312022002,0.3735176516674333,Gikomero,307.4998331443018,823.2538188532216,Peri-urban,,,,0.0,0.0
38273,33113,30.24261474609375,-1.8975412101454638,3001010312022003,0.3735176516674333,Gikomero,305.6422562934757,818.2806218904177,Peri-urban,,,,0.0,0.0
38274,33113,30.24810791015625,-1.8975412101454638,3001010312022012,0.3735176516674333,Gikomero,305.6422562934757,818.2806218904177,Peri-urban,,,,0.0,0.0
38275,33113,30.25360107421875,-1.8975412101454638,3001010312022013,0.3735176516674333,Rusororo,356.3291610366459,953.9821195757266,Peri-urban,,,,0.0,0.0
38276,33113,30.25909423828125,-1.8975412101454638,3001010312022102,0.3735176516674333,Rusororo,219.93312027431668,588.8158679851019,Peri-urban,,,,0.0,0.0
38277,33113,30.26458740234375,-1.8975412101454638,3001010312022103,0.3735176516674333,Rusororo,219.93312027431668,588.8158679851019,Peri-urban,,,,0.0,0.0
38227,33114,29.98992919921875,-1.903031353241752,3001010303032031,0.37351527670655255,Kanyinya,762.6652745541163,2041.8583177611085,Urban,,,,0.0,0.0
38228,33114,29.99542236328125,-1.903031353241752,3001010303032120,0.37351527670655255,Kanyinya,673.3580327907026,1802.7590162522795,Urban,,,,0.0,0.0
38229,33114,30.00091552734375,-1.903031353241752,3001010303032121,0.37351527670655255,Kanyinya,312.07194548653314,835.4998174056169,Peri-urban,,,,0.0,0.0
38230,33114,30.00640869140625,-1.903031353241752,3001010303032130,0.37351527670655255,Jali,312.07194548653314,835.4998174056169,Peri-urban,,,,0.0,0.0
38231,33114,30.01190185546875,-1.903031353241752,3001010303032131,0.37351527670655255,Jali,357.1437860216446,956.1691536976411,Peri-urban,,,,0.0,0.0
38232,33114,30.01739501953125,-1.903031353241752,3001010303033020,0.37351527670655255,Jali,359.9037635390879,963.558349507192,Peri-urban,,,,0.0,0.0
38233,33114,30.02288818359375,-1.903031353241752,3001010303033021,0.37351527670655255,Jali,359.9037635390879,963.558349507192,Peri-urban,,,,0.0,0.0
38234,33114,30.02838134765625,-1.903031353241752,3001010303033030,0.37351527670655255,Jali,143.60725426217797,384.4749149979243,Peri-urban,,,,0.0,0.0
38235,33114,30.03387451171875,-1.903031353241752,3001010303033031,0.37351527670655255,Jali,1667.9318159160832,4465.498253841093,Urban,,,,0.0,0.0
38236,33114,30.03936767578125,-1.903031353241752,3001010303033120,0.37351527670655255,Jali,1667.9318159160832,4465.498253841093,Urban,,,,0.0,0.0
38237,33114,30.04486083984375,-1.903031353241752,3001010303033121,0.37351527670655255,Jali,3253.0885903750113,8709.385648316491,Dense core,5.476,0.176,29.0,1.0,1.0
38238,33114,30.05035400390625,-1.903031353241752,3001010303033130,0.37351527670655255,Jali,1036.1984337569797,2774.179527256808,Urban,,,,0.0,0.0
38239,33114,30.05584716796875,-1.903031353241752,3001010303033131,0.37351527670655255,Gisozi,1036.1984337569797,2774.179527256808,Urban,39.016,26.279,14.0,4.0,2.0
38240,33114,30.06134033203125,-1.903031353241752,3001010303122020,0.37351527670655255,Kinyinya,1401.297359617734,3751.646711678262,Urban,,,,0.0,0.0
38241,33114,30.06683349609375,-1.903031353241752,3001010303122021,0.37351527670655255,Gisozi,1265.1730535371128,3387.205644418875,Urban,,,,0.0,0.0
38242,33114,30.07232666015625,-1.903031353241752,3001010303122030,0.37351527670655255,Kinyinya,1265.1730535371128,3387.205644418875,Urban,,,,0.0,0.0
38243,33114,30.07781982421875,-1.903031353241752,3001010303122031,0.37351527670655255,Kinyinya,3441.172578779961,9212.936641098815,Dense core,,,,0.0,0.0
38244,33114,30.08331298828125,-1.903031353241752,3001010303122120,0.37351527670655255,Kinyinya,3441.172578779961,9212.936641098815,Dense core,67.14,18.697,18.0,3.0,2.0
38245,33114,30.08880615234375,-1.903031353241752,3001010303122121,0.37351527670655255,Kinyinya,2055.6115075093976,5503.420169677189,Urban,34.391,0.621,23.0,1.0,1.0
38246,33114,30.09429931640625,-1.903031353241752,3001010303122130,0.37351527670655255,Kinyinya,687.7992065246117,1841.4218893246828,Urban,,,,0.0,0.0
38247,33114,30.09979248046875,-1.903031353241752,3001010303122131,0.37351527670655255,Kinyinya,687.7992065246117,1841.4218893246828,Urban,23.667,0.297,30.0,1.0,1.0
38248,33114,30.10528564453125,-1.903031353241752,3001010303123020,0.37351527670655255,Kinyinya,960.5185025964429,2571.5641701880427,Urban,,,,0.0,0.0
38249,33114,30.11077880859375,-1.903031353241752,3001010303123021,0.37351527670655255,Kinyinya,712.7315238050285,1908.1723513145,Urban,,,,0.0,0.0
38250,33114,30.11627197265625,-1.903031353241752,3001010303123030,0.37351527670655255,Kinyinya,712.7315238050285,1908.1723513145,Urban,,,,0.0,0.0
38251,33114,30.12176513671875,-1.903031353241752,3001010303123031,0.37351527670655255,Kinyinya,2495.3843103618933,6680.8092358759395,Dense core,,,,0.0,0.0
38252,33114,30.12725830078125,-1.903031353241752,3001010303123120,0.37351527670655255,Bumbogo,2631.7589291243,7045.920456934637,Dense core,10.391,2.962,19.0,1.0,1.0
38253,33114,30.13275146484375,-1.903031353241752,3001010303123121,0.37351527670655255,Bumbogo,2631.7589291243,7045.920456934637,Dense core,7.723,0.418,39.0,5.0,1.0
38254,33114,30.13824462890625,-1.903031353241752,3001010303123130,0.37351527670655255,Bumbogo,1306.131893783793,3496.8633821366793,Urban,,,,0.0,0.0
38255,33114,30.14373779296875,-1.903031353241752,3001010303123131,0.37351527670655255,Bumbogo,1042.4718353011967,2790.975096100825,Urban,,,,0.0,0.0
38256,33114,30.14923095703125,-1.903031353241752,3001010303132020,0.37351527670655255,Bumbogo,1042.4718353011967,2790.975096100825,Urban,,,,0.0,0.0
38257,33114,30.15472412109375,-1.903031353241752,3001010303132021,0.37351527670655255,Bumbogo,484.9481575552669,1298.3355375214283,Peri-urban,,,,0.0,0.0
38258,33114,30.16021728515625,-1.903031353241752,3001010303132030,0.37351527670655255,Bumbogo,624.6123332775496,1672.2537797785128,Urban,,,,0.0,0.0
38259,33114,30.16571044921875,-1.903031353241752,3001010303132031,0.37351527670655255,Bumbogo,624.6123332775496,1672.2537797785128,Urban,,,,0.0,0.0
38260,33114,30.17120361328125,-1.903031353241752,3001010303132120,0.37351527670655255,Bumbogo,456.58036543181777,1222.3873932485076,Peri-urban,,,,0.0,0.0
38261,33114,30.17669677734375,-1.903031353241752,3001010303132121,0.37351527670655255,Ndera,407.7341672449332,1091.613095025466,Peri-urban,,,,0.0,0.0
38262,33114,30.18218994140625,-1.903031353241752,3001010303132130,0.37351527670655255,Ndera,407.7341672449332,1091.613095025466,Peri-urban,,,,0.0,0.0
38263,33114,30.18768310546875,-1.903031353241752,3001010303132131,0.37351527670655255,Ndera,305.83945325374225,818.8137736974572,Peri-urban,,,,0.0,0.0
38264,33114,30.19317626953125,-1.903031353241752,3001010303133020,0.37351527670655255,Ndera,345.8895890824969,926.038667366852,Peri-urban,,,,0.0,0.0
38265,33114,30.19866943359375,-1.903031353241752,3001010303133021,0.37351527670655255,Ndera,345.8895890824969,926.038667366852,Peri-urban,,,,0.0,0.0
38266,33114,30.20416259765625,-1.903031353241752,3001010303133030,0.37351527670655255,Ndera,281.15622110890973,752.7301790384239,Peri-urban,,,,0.0,0.0
38267,33114,30.20965576171875,-1.903031353241752,3001010303133031,0.37351527670655255,Ndera,262.5239644738935,702.8466594155989,Peri-urban,,,,0.0,0.0
38268,33114,30.21514892578125,-1.903031353241752,3001010303133120,0.37351527670655255,Rusororo,262.5239644738935,702.8466594155989,Peri-urban,,,,0.0,0.0
38269,33114,30.22064208984375,-1.903031353241752,3001010303133121,0.37351527670655255,Rusororo,167.14781435181916,447.49927185210333,Peri-urban,,,,0.0,0.0
38270,33114,30.22613525390625,-1.903031353241752,3001010303133130,0.37351527670655255,Rusororo,256.5420517807574,686.8314839564282,Peri-urban,,,,0.0,0.0
38271,33114,30.23162841796875,-1.903031353241752,3001010303133131,0.37351527670655255,Rusororo,256.5420517807574,686.8314839564282,Peri-urban,,,,0.0,0.0
38272,33114,30.23712158203125,-1.903031353241752,3001010312022020,0.37351527670655255,Rusororo,152.74664261257925,408.9434947866475,Peri-urban,,,,0.0,0.0
38273,33114,30.24261474609375,-1.903031353241752,3001010312022021,0.37351527670655255,Rusororo,251.2850851764669,672.7571824964091,Peri-urban,,,,0.0,0.0
38274,33114,30.24810791015625,-1.903031353241752,3001010312022030,0.37351527670655255,Rusororo,251.2850851764669,672.7571824964091,Peri-urban,,,,0.0,0.0
38275,33114,30.25360107421875,-1.903031353241752,3001010312022031,0.37351527670655255,Rusororo,174.25877600589806,466.5372124599932,Peri-urban,,,,0.0,0.0
38276,33114,30.25909423828125,-1.903031353241752,3001010312022120,0.37351527670655255,Rusororo,190.12479730642642,509.0147824282847,Peri-urban,,,,0.0,0.0
38277,33114,30.26458740234375,-1.903031353241752,3001010312022121,0.37351527670655255,Rusororo,190.12479730642642,509.0147824282847,Peri-urban,,,,0.0,0.0
38278,33114,30.27008056640625,-1.903031353241752,3001010312022130,0.37351527670655255,Rusororo,544.3452220798997,1457.3573185001412,Peri-urban,,,,0.0,0.0
38228,33115,29.99542236328125,-1.9085214788586462,3001010303032122,0.3735128949018442,Kanyinya,453.0998947305204,1213.0769805138614,Peri-urban,,,,0.0,0.0
38229,33115,30.00091552734375,-1.9085214788586462,3001010303032123,0.3735128949018442,Kanyinya,600.3623787641794,1607.340434449925,Urban,,,,0.0,0.0
38230,33115,30.00640869140625,-1.9085214788586462,3001010303032132,0.3735128949018442,Kanyinya,600.3623787641794,1607.340434449925,Urban,,,,0.0,0.0
38231,33115,30.01190185546875,-1.9085214788586462,3001010303032133,0.3735128949018442,Jali,209.99307048675635,562.2110330138418,Peri-urban,,,,0.0,0.0
38232,33115,30.01739501953125,-1.9085214788586462,3001010303033022,0.3735128949018442,Jali,259.43545831403213,694.5823339839698,Peri-urban,,,,0.0,0.0
38233,33115,30.02288818359375,-1.9085214788586462,3001010303033023,0.3735128949018442,Jali,259.43545831403213,694.5823339839698,Peri-urban,,,,0.0,0.0
38234,33115,30.02838134765625,-1.9085214788586462,3001010303033032,0.3735128949018442,Jali,647.4808422426631,1733.4899305492927,Urban,,,,0.0,0.0
38235,33115,30.03387451171875,-1.9085214788586462,3001010303033033,0.3735128949018442,Jali,1138.8605757584126,3049.0529009920656,Urban,,,,0.0,0.0
38236,33115,30.03936767578125,-1.9085214788586462,3001010303033122,0.3735128949018442,Gatsata,1138.8605757584126,3049.0529009920656,Urban,97.708,8.705,21.0,17.0,1.0
38237,33115,30.04486083984375,-1.9085214788586462,3001010303033123,0.3735128949018442,Gatsata,2439.5464500412154,6531.358042357027,Dense core,12.343,1.27,13.0,1.0,1.0
38238,33115,30.05035400390625,-1.9085214788586462,3001010303033132,0.3735128949018442,Gatsata,2173.929569113582,5820.226286122923,Urban,,,,0.0,0.0
38239,33115,30.05584716796875,-1.9085214788586462,3001010303033133,0.3735128949018442,Gisozi,2173.929569113582,5820.226286122923,Urban,,,,0.0,0.0
38240,33115,30.06134033203125,-1.9085214788586462,3001010303122022,0.3735128949018442,Gisozi,4945.299059034937,13239.968757529823,Dense core,52.129,10.888,29.0,1.0,1.0
38241,33115,30.06683349609375,-1.9085214788586462,3001010303122023,0.3735128949018442,Gisozi,4338.496513091665,11615.386168211897,Dense core,27.136,12.325,40.0,6.0,3.0
38242,33115,30.07232666015625,-1.9085214788586462,3001010303122032,0.3735128949018442,Gisozi,4338.496513091665,11615.386168211897,Dense core,,,,0.0,0.0
38243,33115,30.07781982421875,-1.9085214788586462,3001010303122033,0.3735128949018442,Kinyinya,4524.530866881937,12113.45291859587,Dense core,27.006,5.849,15.0,4.0,1.0
38244,33115,30.08331298828125,-1.9085214788586462,3001010303122122,0.3735128949018442,Kinyinya,4524.530866881937,12113.45291859587,Dense core,,,,0.0,0.0
38245,33115,30.08880615234375,-1.9085214788586462,3001010303122123,0.3735128949018442,Kinyinya,3839.745441515192,10280.088034241073,Dense core,,,,0.0,0.0
38246,33115,30.09429931640625,-1.9085214788586462,3001010303122132,0.3735128949018442,Kinyinya,1751.5971678587985,4689.522615595647,Urban,,,,0.0,0.0
38247,33115,30.09979248046875,-1.9085214788586462,3001010303122133,0.3735128949018442,Kinyinya,1751.5971678587985,4689.522615595647,Urban,,,,0.0,0.0
38248,33115,30.10528564453125,-1.9085214788586462,3001010303123022,0.3735128949018442,Kinyinya,1374.1773365931508,3679.062638397724,Urban,,,,0.0,0.0
38249,33115,30.11077880859375,-1.9085214788586462,3001010303123023,0.3735128949018442,Kinyinya,2806.542098950316,7513.909525634583,Dense core,84.161,21.304,19.0,4.0,2.0
38250,33115,30.11627197265625,-1.9085214788586462,3001010303123032,0.3735128949018442,Kinyinya,2806.542098950316,7513.909525634583,Dense core,56.581,7.39,21.0,2.0,1.0
38251,33115,30.12176513671875,-1.9085214788586462,3001010303123033,0.3735128949018442,Kinyinya,1191.1907034439398,3189.1555009284857,Urban,,,,0.0,0.0
38252,33115,30.12725830078125,-1.9085214788586462,3001010303123122,0.3735128949018442,Kinyinya,2086.6604924048133,5586.582206092694,Urban,22.503,2.202,51.0,2.0,1.0
38253,33115,30.13275146484375,-1.9085214788586462,3001010303123123,0.3735128949018442,Bumbogo,2086.6604924048133,5586.582206092694,Urban,246.032,64.393,20.0,1.0,1.0
38254,33115,30.13824462890625,-1.9085214788586462,3001010303123132,0.3735128949018442,Bumbogo,1178.2609471658586,3154.5388746899753,Urban,,,,0.0,0.0
38255,33115,30.14373779296875,-1.9085214788586462,3001010303123133,0.3735128949018442,Bumbogo,849.1768743559526,2273.4874376401613,Urban,,,,0.0,0.0
38256,33115,30.14923095703125,-1.9085214788586462,3001010303132022,0.3735128949018442,Bumbogo,849.1768743559526,2273.4874376401613,Urban,,,,0.0,0.0
38257,33115,30.15472412109375,-1.9085214788586462,3001010303132023,0.3735128949018442,Bumbogo,915.0620043147634,2449.8806247512107,Urban,9.632,1.657,24.0,5.0,1.0
38258,33115,30.16021728515625,-1.9085214788586462,3001010303132032,0.3735128949018442,Bumbogo,665.3722177011107,1781.3902191407997,Urban,,,,0.0,0.0
38259,33115,30.16571044921875,-1.9085214788586462,3001010303132033,0.3735128949018442,Bumbogo,665.3722177011107,1781.3902191407997,Urban,,,,0.0,0.0
38260,33115,30.17120361328125,-1.9085214788586462,3001010303132122,0.3735128949018442,Bumbogo,919.9871174549488,2463.066550076439,Urban,,,,0.0,0.0
38261,33115,30.17669677734375,-1.9085214788586462,3001010303132123,0.3735128949018442,Ndera,517.629497776301,1385.8410374622524,Peri-urban,,,,0.0,0.0
38262,33115,30.18218994140625,-1.9085214788586462,3001010303132132,0.3735128949018442,Ndera,517.629497776301,1385.8410374622524,Peri-urban,,,,0.0,0.0
38263,33115,30.18768310546875,-1.9085214788586462,3001010303132133,0.3735128949018442,Ndera,417.52561251676326,1117.8345331999453,Peri-urban,,,,0.0,0.0
38264,33115,30.19317626953125,-1.9085214788586462,3001010303133022,0.3735128949018442,Ndera,519.2618621607025,1390.211340085487,Peri-urban,,,,0.0,0.0
38265,33115,30.19866943359375,-1.9085214788586462,3001010303133023,0.3735128949018442,Ndera,519.2618621607025,1390.211340085487,Peri-urban,,,,0.0,0.0
38266,33115,30.20416259765625,-1.9085214788586462,3001010303133032,0.3735128949018442,Ndera,322.63984940412564,863.7984225120593,Peri-urban,,,,0.0,0.0
38267,33115,30.20965576171875,-1.9085214788586462,3001010303133033,0.3735128949018442,Rusororo,225.52967292503095,603.8069260883165,Peri-urban,,,,0.0,0.0
38268,33115,30.21514892578125,-1.9085214788586462,3001010303133122,0.3735128949018442,Rusororo,225.52967292503095,603.8069260883165,Peri-urban,,,,0.0,0.0
38269,33115,30.22064208984375,-1.9085214788586462,3001010303133123,0.3735128949018442,Rusororo,231.443464634412,619.6398244704062,Peri-urban,,,,0.0,0.0
38270,33115,30.22613525390625,-1.9085214788586462,3001010303133132,0.3735128949018442,Rusororo,376.14230665923185,1007.0396813424036,Peri-urban,,,,0.0,0.0
38271,33115,30.23162841796875,-1.9085214788586462,3001010303133133,0.3735128949018442,Rusororo,376.14230665923185,1007.0396813424036,Peri-urban,,,,0.0,0.0
38272,33115,30.23712158203125,-1.9085214788586462,3001010312022022,0.3735128949018442,Rusororo,480.83279693052384,1287.3258286220141,Peri-urban,,,,0.0,0.0
38273,33115,30.24261474609375,-1.9085214788586462,3001010312022023,0.3735128949018442,Rusororo,158.23870016228278,423.64989889804605,Peri-urban,,,,0.0,0.0
38274,33115,30.24810791015625,-1.9085214788586462,3001010312022032,0.3735128949018442,Rusororo,158.23870016228278,423.64989889804605,Peri-urban,,,,0.0,0.0
38275,33115,30.25360107421875,-1.9085214788586462,3001010312022033,0.3735128949018442,Rusororo,248.26677156055138,664.6805905477337,Peri-urban,,,,0.0,0.0
38276,33115,30.25909423828125,-1.9085214788586462,3001010312022122,0.3735128949018442,Rusororo,215.67249501931855,577.4164639643708,Peri-urban,,,,0.0,0.0
38277,33115,30.26458740234375,-1.9085214788586462,3001010312022123,0.3735128949018442,Rusororo,215.67249501931855,577.4164639643708,Peri-urban,,,,0.0,0.0
38278,33115,30.27008056640625,-1.9085214788586462,3001010312022132,0.3735128949018442,Rusororo,375.1024982852216,1004.2558192905097,Peri-urban,,,,0.0,0.0
38226,33116,29.98443603515625,-1.9140115869457945,3001010303032210,0.3735105062534829,Kanyinya,1001.4760711394418,2681.252747572755,Urban,,,,0.0,0.0
38227,33116,29.98992919921875,-1.9140115869457945,3001010303032211,0.3735105062534829,Kanyinya,1001.4760711394418,2681.252747572755,Urban,,,,0.0,0.0
38228,33116,29.99542236328125,-1.9140115869457945,3001010303032300,0.3735105062534829,Kanyinya,453.09844592103326,1213.0808594003456,Peri-urban,,,,0.0,0.0
38229,33116,30.00091552734375,-1.9140115869457945,3001010303032301,0.3735105062534829,Kanyinya,600.3604590755629,1607.3455740174768,Urban,,,,0.0,0.0
38230,33116,30.00640869140625,-1.9140115869457945,3001010303032310,0.3735105062534829,Kanyinya,600.3604590755629,1607.3455740174768,Urban,,,,0.0,0.0
38231,33116,30.01190185546875,-1.9140115869457945,3001010303032311,0.3735105062534829,Kanyinya,209.99239902345147,562.2128307173778,Peri-urban,,,,0.0,0.0
38232,33116,30.01739501953125,-1.9140115869457945,3001010303033200,0.3735105062534829,Kanyinya,259.4346287562289,694.5845549526888,Peri-urban,,,,0.0,0.0
38233,33116,30.02288818359375,-1.9140115869457945,3001010303033201,0.3735105062534829,Jali,259.4346287562289,694.5845549526888,Peri-urban,,,,0.0,0.0
38234,33116,30.02838134765625,-1.9140115869457945,3001010303033210,0.3735105062534829,Jali,647.4787718904121,1733.4954734874327,Urban,,,,0.0,0.0
38235,33116,30.03387451171875,-1.9140115869457945,3001010303033211,0.3735105062534829,Jali,1138.8569341949828,3049.062650521797,Urban,,,,0.0,0.0
38236,33116,30.03936767578125,-1.9140115869457945,3001010303033300,0.3735105062534829,Gatsata,1138.8569341949828,3049.062650521797,Urban,,,,0.0,0.0
38237,33116,30.04486083984375,-1.9140115869457945,3001010303033301,0.3735105062534829,Gatsata,2439.538649469902,6531.378926766544,Dense core,10.497,1.257,198.0,2.0,2.0
38238,33116,30.05035400390625,-1.9140115869457945,3001010303033310,0.3735105062534829,Gisozi,2173.922617865478,5820.244896645947,Urban,,,,0.0,0.0
38239,33116,30.05584716796875,-1.9140115869457945,3001010303033311,0.3735105062534829,Gisozi,2173.922617865478,5820.244896645947,Urban,53.502,11.993,12.0,1.0,1.0
38240,33116,30.06134033203125,-1.9140115869457945,3001010303122200,0.3735105062534829,Gisozi,4945.283246194818,13240.011093124918,Dense core,0.51,5.95,29.0,1.0,1.0
38241,33116,30.06683349609375,-1.9140115869457945,3001010303122201,0.3735105062534829,Gisozi,4338.482640532917,11615.423309106613,Dense core,50.299,23.484,13.0,12.0,2.0
38242,33116,30.07232666015625,-1.9140115869457945,3001010303122210,0.3735105062534829,Gisozi,4338.482640532917,11615.423309106613,Dense core,99.913,45.058,14.0,9.0,2.0
38243,33116,30.07781982421875,-1.9140115869457945,3001010303122211,0.3735105062534829,Kinyinya,4524.516399469075,12113.491652088927,Dense core,3.536,0.982,28.0,1.0,1.0
38244,33116,30.08331298828125,-1.9140115869457945,3001010303122300,0.3735105062534829,Kinyinya,4524.516399469075,12113.491652088927,Dense core,30.914,19.078,23.0,6.0,4.0
38245,33116,30.08880615234375,-1.9140115869457945,3001010303122301,0.3735105062534829,Kinyinya,3839.7331637378434,10280.120905439828,Dense core,21.557,3.588,20.0,15.0,3.0
38246,33116,30.09429931640625,-1.9140115869457945,3001010303122310,0.3735105062534829,Kinyinya,1751.5915670395882,4689.537610625792,Urban,,,,0.0,0.0
38247,33116,30.09979248046875,-1.9140115869457945,3001010303122311,0.3735105062534829,Kinyinya,1751.5915670395882,4689.537610625792,Urban,18.453,7.091,19.0,2.0,1.0
38248,33116,30.10528564453125,-1.9140115869457945,3001010303123200,0.3735105062534829,Kinyinya,1374.1729425926546,3679.0744024214196,Urban,,,,0.0,0.0
38249,33116,30.11077880859375,-1.9140115869457945,3001010303123201,0.3735105062534829,Kinyinya,2806.5331248921307,7513.933551811463,Dense core,23.139,1.928,28.0,37.0,4.0
38250,33116,30.11627197265625,-1.9140115869457945,3001010303123210,0.3735105062534829,Kinyinya,2806.5331248921307,7513.933551811463,Dense core,29.254,19.472,20.0,2.0,1.0
38251,33116,30.12176513671875,-1.9140115869457945,3001010303123211,0.3735105062534829,Kinyinya,1191.1868945523195,3189.165698444692,Urban,,,,0.0,0.0
38252,33116,30.12725830078125,-1.9140115869457945,3001010303123300,0.3735105062534829,Kinyinya,2086.6538202039296,5586.600069524743,Urban,,,,0.0,0.0
38253,33116,30.13275146484375,-1.9140115869457945,3001010303123301,0.3735105062534829,Bumbogo,2086.6538202039296,5586.600069524743,Urban,,,,0.0,0.0
38254,33116,30.13824462890625,-1.9140115869457945,3001010303123310,0.3735105062534829,Bumbogo,1178.257179617778,3154.5489615174406,Urban,,,,0.0,0.0
38255,33116,30.14373779296875,-1.9140115869457945,3001010303123311,0.3735105062534829,Bumbogo,849.1741590705901,2273.494707252754,Urban,,,,0.0,0.0
38256,33116,30.14923095703125,-1.9140115869457945,3001010303132200,0.3735105062534829,Bumbogo,849.1741590705901,2273.494707252754,Urban,,,,0.0,0.0
38257,33116,30.15472412109375,-1.9140115869457945,3001010303132201,0.3735105062534829,Bumbogo,915.0590783584155,2449.888458391611,Urban,,,,0.0,0.0
38258,33116,30.16021728515625,-1.9140115869457945,3001010303132210,0.3735105062534829,Bumbogo,665.3700901402952,1781.3959152429886,Urban,,,,0.0,0.0
38259,33116,30.16571044921875,-1.9140115869457945,3001010303132211,0.3735105062534829,Bumbogo,665.3700901402952,1781.3959152429886,Urban,,,,0.0,0.0
38260,33116,30.17120361328125,-1.9140115869457945,3001010303132300,0.3735105062534829,Bumbogo,919.9841757503065,2463.0744258796276,Urban,,,,0.0,0.0
38261,33116,30.17669677734375,-1.9140115869457945,3001010303132301,0.3735105062534829,Bumbogo,517.6278426301932,1385.8454687721824,Peri-urban,,,,0.0,0.0
38262,33116,30.18218994140625,-1.9140115869457945,3001010303132310,0.3735105062534829,Bumbogo,517.6278426301932,1385.8454687721824,Peri-urban,,,,0.0,0.0
38263,33116,30.18768310546875,-1.9140115869457945,3001010303132311,0.3735105062534829,Ndera,417.52427745781586,1117.8381075429857,Peri-urban,,,,0.0,0.0
38264,33116,30.19317626953125,-1.9140115869457945,3001010303133200,0.3735105062534829,Ndera,519.2602017950283,1390.2157853697222,Peri-urban,,,,0.0,0.0
38265,33116,30.19866943359375,-1.9140115869457945,3001010303133201,0.3735105062534829,Ndera,519.2602017950283,1390.2157853697222,Peri-urban,,,,0.0,0.0
38266,33116,30.20416259765625,-1.9140115869457945,3001010303133210,0.3735105062534829,Ndera,322.638817747133,863.8011845593819,Peri-urban,,,,0.0,0.0
38267,33116,30.20965576171875,-1.9140115869457945,3001010303133211,0.3735105062534829,Rusororo,225.52895178266573,603.8088567972181,Peri-urban,,,,0.0,0.0
38268,33116,30.21514892578125,-1.9140115869457945,3001010303133300,0.3735105062534829,Rusororo,225.52895178266573,603.8088567972181,Peri-urban,,,,0.0,0.0
38269,33116,30.22064208984375,-1.9140115869457945,3001010303133301,0.3735105062534829,Rusororo,231.44272458240312,619.641805805951,Peri-urban,,,,0.0,0.0
38270,33116,30.22613525390625,-1.9140115869457945,3001010303133310,0.3735105062534829,Rusororo,376.1411039254666,1007.0429014122521,Peri-urban,,,,0.0,0.0
38271,33116,30.23162841796875,-1.9140115869457945,3001010303133311,0.3735105062534829,Rusororo,376.1411039254666,1007.0429014122521,Peri-urban,,,,0.0,0.0
38272,33116,30.23712158203125,-1.9140115869457945,3001010312022200,0.3735105062534829,Rusororo,480.8312594437002,1287.3299449236486,Peri-urban,,,,0.0,0.0
38273,33116,30.24261474609375,-1.9140115869457945,3001010312022201,0.3735105062534829,Rusororo,158.23819418615543,423.6512535440357,Peri-urban,,,,0.0,0.0
38274,33116,30.24810791015625,-1.9140115869457945,3001010312022210,0.3735105062534829,Rusororo,158.23819418615543,423.6512535440357,Peri-urban,,,,0.0,0.0
38275,33116,30.25360107421875,-1.9140115869457945,3001010312022211,0.3735105062534829,Rusororo,248.2659777151805,664.6827159038327,Peri-urban,,,,0.0,0.0
38276,33116,30.25909423828125,-1.9140115869457945,3001010312022300,0.3735105062534829,Rusororo,215.67180539577078,577.4183102881852,Peri-urban,,,,0.0,0.0
38277,33116,30.26458740234375,-1.9140115869457945,3001010312022301,0.3735105062534829,Rusororo,215.67180539577078,577.4183102881852,Peri-urban,,,,0.0,0.0
38278,33116,30.27008056640625,-1.9140115869457945,3001010312022310,0.3735105062534829,Rusororo,375.10129887629546,1004.2590304587924,Peri-urban,,,,0.0,0.0
38226,33117,29.98443603515625,-1.919501677452845,3001010303032212,0.3735081107616442,Kanyinya,307.4589463652462,823.165381170136,Peri-urban,,,,0.0,0.0
38227,33117,29.98992919921875,-1.919501677452845,3001010303032213,0.3735081107616442,Kanyinya,307.4589463652462,823.165381170136,Peri-urban,,,,0.0,0.0
38228,33117,29.99542236328125,-1.919501677452845,3001010303032302,0.3735081107616442,Kanyinya,531.8209104910287,1423.853713394761,Peri-urban,,,,0.0,0.0
38229,33117,30.00091552734375,-1.919501677452845,3001010303032303,0.3735081107616442,Kanyinya,441.1510282123021,1181.1016026204168,Peri-urban,,,,0.0,0.0
38230,33117,30.00640869140625,-1.919501677452845,3001010303032312,0.3735081107616442,Kanyinya,441.1510282123021,1181.1016026204168,Peri-urban,29.581,41.104,20.0,1.0,1.0
38231,33117,30.01190185546875,-1.919501677452845,3001010303032313,0.3735081107616442,Kanyinya,270.93368622690065,725.3756435822036,Peri-urban,,,,0.0,0.0
38232,33117,30.01739501953125,-1.919501677452845,3001010303033202,0.3735081107616442,Jali,142.8022018986581,382.3269101371347,Peri-urban,,,,0.0,0.0
38233,33117,30.02288818359375,-1.919501677452845,3001010303033203,0.3735081107616442,Jali,142.8022018986581,382.3269101371347,Peri-urban,,,,0.0,0.0
38234,33117,30.02838134765625,-1.919501677452845,3001010303033212,0.3735081107616442,Jali,483.18044597142955,1293.6277206568434,Peri-urban,,,,0.0,0.0
38235,33117,30.03387451171875,-1.919501677452845,3001010303033213,0.3735081107616442,Gatsata,1622.7617628145176,4344.6493290478775,Urban,,,,0.0,0.0
38236,33117,30.03936767578125,-1.919501677452845,3001010303033302,0.3735081107616442,Gatsata,1622.7617628145176,4344.6493290478775,Urban,,,,0.0,0.0
38237,33117,30.04486083984375,-1.919501677452845,3001010303033303,0.3735081107616442,Gatsata,4912.635039807279,13152.686376179654,Dense core,,,,0.0,0.0
38238,33117,30.05035400390625,-1.919501677452845,3001010303033312,0.3735081107616442,Gisozi,3315.635168378447,8877.009823474313,Dense core,15.31,12.54,33.0,1.0,1.0
38239,33117,30.05584716796875,-1.919501677452845,3001010303033313,0.3735081107616442,Gisozi,3315.635168378447,8877.009823474313,Dense core,14.893,3.925,31.0,5.0,4.0
38240,33117,30.06134033203125,-1.919501677452845,3001010303122202,0.3735081107616442,Gisozi,4825.902794423975,12920.476571668469,Dense core,,,,0.0,0.0
38241,33117,30.06683349609375,-1.919501677452845,3001010303122203,0.3735081107616442,Gisozi,4884.1344657477575,13076.381275330828,Dense core,78.784,35.954,17.0,3.0,2.0
38242,33117,30.07232666015625,-1.919501677452845,3001010303122212,0.3735081107616442,Gisozi,4884.1344657477575,13076.381275330828,Dense core,38.59,15.66,27.0,12.0,2.0
38243,33117,30.07781982421875,-1.919501677452845,3001010303122213,0.3735081107616442,Kinyinya,3244.806645524678,8687.379342065655,Dense core,,,,0.0,0.0
38244,33117,30.08331298828125,-1.919501677452845,3001010303122302,0.3735081107616442,Kinyinya,3244.806645524678,8687.379342065655,Dense core,22.402,25.646,16.0,2.0,1.0
38245,33117,30.08880615234375,-1.919501677452845,3001010303122303,0.3735081107616442,Kinyinya,1761.0427686261933,4714.871559375615,Urban,,,,0.0,0.0
38246,33117,30.09429931640625,-1.919501677452845,3001010303122312,0.3735081107616442,Kinyinya,4252.788106206457,11386.066282561644,Dense core,69.592,45.118,22.0,1.0,1.0
38247,33117,30.09979248046875,-1.919501677452845,3001010303122313,0.3735081107616442,Kinyinya,4252.788106206457,11386.066282561644,Dense core,34.527,6.81,23.0,4.0,3.0
38248,33117,30.10528564453125,-1.919501677452845,3001010303123202,0.3735081107616442,Kinyinya,2347.758858502062,6285.697126401345,Dense core,,,,0.0,0.0
38249,33117,30.11077880859375,-1.919501677452845,3001010303123203,0.3735081107616442,Kinyinya,2569.262215177765,6878.732057353771,Dense core,40.676,15.228,17.0,3.0,2.0
38250,33117,30.11627197265625,-1.919501677452845,3001010303123212,0.3735081107616442,Kinyinya,2569.262215177765,6878.732057353771,Dense core,,,,0.0,0.0
38251,33117,30.12176513671875,-1.919501677452845,3001010303123213,0.3735081107616442,Kinyinya,1955.9074541101975,5236.586295600869,Urban,,,,0.0,0.0
38252,33117,30.12725830078125,-1.919501677452845,3001010303123302,0.3735081107616442,Bumbogo,960.8401892928671,2572.47476456015,Urban,0.52,0.783,51.0,1.0,1.0
38253,33117,30.13275146484375,-1.919501677452845,3001010303123303,0.3735081107616442,Bumbogo,960.8401892928671,2572.47476456015,Urban,,,,0.0,0.0
38254,33117,30.13824462890625,-1.919501677452845,3001010303123312,0.3735081107616442,Bumbogo,2029.0091572353163,5432.302803539753,Urban,23.837,12.003,21.0,7.0,2.0
38255,33117,30.14373779296875,-1.919501677452845,3001010303123313,0.3735081107616442,Bumbogo,1632.9706862899213,4371.981863954779,Urban,,,,0.0,0.0
38256,33117,30.14923095703125,-1.919501677452845,3001010303132202,0.3735081107616442,Bumbogo,1632.9706862899213,4371.981863954779,Urban,,,,0.0,0.0
38257,33117,30.15472412109375,-1.919501677452845,3001010303132203,0.3735081107616442,Bumbogo,1532.6987361959004,4103.5219638751,Urban,,,,0.0,0.0
38258,33117,30.16021728515625,-1.919501677452845,3001010303132212,0.3735081107616442,Bumbogo,929.7805795540933,2489.3183113430077,Urban,,,,0.0,0.0
38259,33117,30.16571044921875,-1.919501677452845,3001010303132213,0.3735081107616442,Bumbogo,929.7805795540933,2489.3183113430077,Urban,,,,0.0,0.0
38260,33117,30.17120361328125,-1.919501677452845,3001010303132302,0.3735081107616442,Bumbogo,824.9962129127839,2208.7772370738658,Urban,,,,0.0,0.0
38261,33117,30.17669677734375,-1.919501677452845,3001010303132303,0.3735081107616442,Bumbogo,879.7256217791506,2355.30527030657,Urban,,,,0.0,0.0
38262,33117,30.18218994140625,-1.919501677452845,3001010303132312,0.3735081107616442,Bumbogo,879.7256217791506,2355.30527030657,Urban,,,,0.0,0.0
38263,33117,30.18768310546875,-1.919501677452845,3001010303132313,0.3735081107616442,Ndera,381.33087397115924,1020.9440250000546,Peri-urban,,,,0.0,0.0
38264,33117,30.19317626953125,-1.919501677452845,3001010303133202,0.3735081107616442,Ndera,483.77788163910174,1295.2272459427975,Peri-urban,,,,0.0,0.0
38265,33117,30.19866943359375,-1.919501677452845,3001010303133203,0.3735081107616442,Ndera,483.77788163910174,1295.2272459427975,Peri-urban,,,,0.0,0.0
38266,33117,30.20416259765625,-1.919501677452845,3001010303133212,0.3735081107616442,Ndera,415.81832022143453,1113.277886719817,Peri-urban,,,,0.0,0.0
38267,33117,30.20965576171875,-1.919501677452845,3001010303133213,0.3735081107616442,Rusororo,312.79226321666783,837.4443665462396,Peri-urban,,,,0.0,0.0
38268,33117,30.21514892578125,-1.919501677452845,3001010303133302,0.3735081107616442,Rusororo,312.79226321666783,837.4443665462396,Peri-urban,,,,0.0,0.0
38269,33117,30.22064208984375,-1.919501677452845,3001010303133303,0.3735081107616442,Rusororo,280.71177180456607,751.5546884166687,Peri-urban,,,,0.0,0.0
38270,33117,30.22613525390625,-1.919501677452845,3001010303133312,0.3735081107616442,Rusororo,316.22887926786314,846.6452806687937,Peri-urban,,,,0.0,0.0
38271,33117,30.23162841796875,-1.919501677452845,3001010303133313,0.3735081107616442,Rusororo,316.22887926786314,846.6452806687937,Peri-urban,,,,0.0,0.0
38272,33117,30.23712158203125,-1.919501677452845,3001010312022202,0.3735081107616442,Rusororo,270.0921846928478,723.1226763512193,Peri-urban,,,,0.0,0.0
38273,33117,30.24261474609375,-1.919501677452845,3001010312022203,0.3735081107616442,Rusororo,275.75498779533024,738.2838012085485,Peri-urban,,,,0.0,0.0
38274,33117,30.24810791015625,-1.919501677452845,3001010312022212,0.3735081107616442,Rusororo,275.75498779533024,738.2838012085485,Peri-urban,,,,0.0,0.0
38275,33117,30.25360107421875,-1.919501677452845,3001010312022213,0.3735081107616442,Rusororo,230.37963141929148,616.7995413794621,Peri-urban,,,,0.0,0.0
38276,33117,30.25909423828125,-1.919501677452845,3001010312022302,0.3735081107616442,Rusororo,241.00322136065736,645.2422702929057,Peri-urban,,,,0.0,0.0
38277,33117,30.26458740234375,-1.919501677452845,3001010312022303,0.3735081107616442,Rusororo,241.00322136065736,645.2422702929057,Peri-urban,,,,0.0,0.0
38278,33117,30.27008056640625,-1.919501677452845,3001010312022312,0.3735081107616442,Rusororo,429.12860942228025,1148.9137640069362,Peri-urban,,,,0.0,0.0
38227,33118,29.98992919921875,-1.924991750329447,3001010303032231,0.3735057084265039,Kanyinya,307.45795760409567,823.1680284067073,Peri-urban,,,,0.0,0.0
38228,33118,29.99542236328125,-1.924991750329447,3001010303032320,0.3735057084265039,Kanyinya,531.8192002013735,1423.8582923988204,Peri-urban,,,,0.0,0.0
38229,33118,30.00091552734375,-1.924991750329447,3001010303032321,0.3735057084265039,Kanyinya,441.1496095090788,1181.1054009523536,Peri-urban,,,,0.0,0.0
38230,33118,30.00640869140625,-1.924991750329447,3001010303032330,0.3735057084265039,Kanyinya,441.1496095090788,1181.1054009523536,Peri-urban,,,,0.0,0.0
38231,33118,30.01190185546875,-1.924991750329447,3001010303032331,0.3735057084265039,Kanyinya,270.9328149278004,725.3779763344978,Peri-urban,,,,0.0,0.0
38232,33118,30.01739501953125,-1.924991750329447,3001010303033220,0.3735057084265039,Kanyinya,142.801742659234,382.3281396710799,Peri-urban,75.585,20.305,16.0,1.0,1.0
38233,33118,30.02288818359375,-1.924991750329447,3001010303033221,0.3735057084265039,Kanyinya,142.801742659234,382.3281396710799,Peri-urban,,,,0.0,0.0
38234,33118,30.02838134765625,-1.924991750329447,3001010303033230,0.3735057084265039,Jali,483.17889210526516,1293.6318808641236,Peri-urban,,,,0.0,0.0
38235,33118,30.03387451171875,-1.924991750329447,3001010303033231,0.3735057084265039,Jali,1622.7565441542483,4344.66330110605,Urban,,,,0.0,0.0
38236,33118,30.03936767578125,-1.924991750329447,3001010303033320,0.3735057084265039,Gatsata,1622.7565441542483,4344.66330110605,Urban,,,,0.0,0.0
38237,33118,30.04486083984375,-1.924991750329447,3001010303033321,0.3735057084265039,Gatsata,4912.619241201541,13152.728674207707,Dense core,27.292,8.257,13.0,1.0,1.0
38238,33118,30.05035400390625,-1.924991750329447,3001010303033330,0.3735057084265039,Gisozi,3315.6245055849818,8877.038371255334,Dense core,,,,0.0,0.0
38239,33118,30.05584716796875,-1.924991750329447,3001010303033331,0.3735057084265039,Gisozi,3315.6245055849818,8877.038371255334,Dense core,25.03,5.27,30.0,12.0,3.0
38240,33118,30.06134033203125,-1.924991750329447,3001010303122220,0.3735057084265039,Gisozi,4825.887274741572,12920.518122927644,Dense core,19.601,4.759,61.0,9.0,4.0
38241,33118,30.06683349609375,-1.924991750329447,3001010303122221,0.3735057084265039,Gisozi,4884.118758797378,13076.42332796754,Dense core,12.452,4.719,26.0,2.0,2.0
38242,33118,30.07232666015625,-1.924991750329447,3001010303122230,0.3735057084265039,Gisozi,4884.118758797378,13076.42332796754,Dense core,19.957,3.792,16.0,3.0,2.0
38243,33118,30.07781982421875,-1.924991750329447,3001010303122231,0.3735057084265039,Kinyinya,3244.796210509564,8687.40728000963,Dense core,47.01,2.553,27.0,1.0,1.0
38244,33118,30.08331298828125,-1.924991750329447,3001010303122320,0.3735057084265039,Kinyinya,3244.796210509564,8687.40728000963,Dense core,81.507,13.287,17.0,1.0,1.0
38245,33118,30.08880615234375,-1.924991750329447,3001010303122321,0.3735057084265039,Kinyinya,1761.0371052662724,4714.886722040015,Urban,178.008,71.051,20.0,2.0,2.0
38246,33118,30.09429931640625,-1.924991750329447,3001010303122330,0.3735057084265039,Kinyinya,4252.774429610896,11386.102899275314,Dense core,89.636,23.048,46.0,15.0,9.0
38247,33118,30.09979248046875,-1.924991750329447,3001010303122331,0.3735057084265039,Kinyinya,4252.774429610896,11386.102899275314,Dense core,26.349,13.607,38.0,60.0,5.0
38248,33118,30.10528564453125,-1.924991750329447,3001010303123220,0.3735057084265039,Kimironko,2347.7513083143776,6285.717340719983,Dense core,,,,0.0,0.0
38249,33118,30.11077880859375,-1.924991750329447,3001010303123221,0.3735057084265039,Kimironko,2569.2539526546084,6878.754178827149,Dense core,80.167,13.276,17.0,4.0,3.0
38250,33118,30.11627197265625,-1.924991750329447,3001010303123230,0.3735057084265039,Kimironko,2569.2539526546084,6878.754178827149,Dense core,10.665,21.606,20.0,1.0,1.0
38251,33118,30.12176513671875,-1.924991750329447,3001010303123231,0.3735057084265039,Kinyinya,1955.9011640824472,5236.603136059745,Urban,,,,0.0,0.0
38252,33118,30.12725830078125,-1.924991750329447,3001010303123320,0.3735057084265039,Kimironko,960.8370993146364,2572.4830374411904,Urban,,,,0.0,0.0
38253,33118,30.13275146484375,-1.924991750329447,3001010303123321,0.3735057084265039,Kimironko,960.8370993146364,2572.4830374411904,Urban,82.493,27.075,23.0,18.0,3.0
38254,33118,30.13824462890625,-1.924991750329447,3001010303123330,0.3735057084265039,Kimironko,2029.0026321188654,5432.3202734078695,Urban,,,,0.0,0.0
38255,33118,30.14373779296875,-1.924991750329447,3001010303123331,0.3735057084265039,Bumbogo,1632.965434798645,4371.995923912284,Urban,,,,0.0,0.0
38256,33118,30.14923095703125,-1.924991750329447,3001010303132220,0.3735057084265039,Bumbogo,1632.965434798645,4371.995923912284,Urban,,,,0.0,0.0
38257,33118,30.15472412109375,-1.924991750329447,3001010303132221,0.3735057084265039,Bumbogo,1532.6938071704687,4103.535160486209,Urban,,,,0.0,0.0
38258,33118,30.16021728515625,-1.924991750329447,3001010303132230,0.3735057084265039,Bumbogo,929.777589460858,2489.326316799289,Urban,65.529,11.651,21.0,31.0,2.0
38259,33118,30.16571044921875,-1.924991750329447,3001010303132231,0.3735057084265039,Bumbogo,929.777589460858,2489.326316799289,Urban,,,,0.0,0.0
38260,33118,30.17120361328125,-1.924991750329447,3001010303132320,0.3735057084265039,Bumbogo,824.993559796931,2208.7843403316233,Urban,,,,0.0,0.0
38261,33118,30.17669677734375,-1.924991750329447,3001010303132321,0.3735057084265039,Bumbogo,879.722792658293,2355.312844787215,Urban,,,,0.0,0.0
38262,33118,30.18218994140625,-1.924991750329447,3001010303132330,0.3735057084265039,Bumbogo,879.722792658293,2355.312844787215,Urban,,,,0.0,0.0
38263,33118,30.18768310546875,-1.924991750329447,3001010303132331,0.3735057084265039,Ndera,381.32964764433365,1020.9473082775369,Peri-urban,,,,0.0,0.0
38264,33118,30.19317626953125,-1.924991750329447,3001010303133220,0.3735057084265039,Ndera,483.77632585163633,1295.231411294028,Peri-urban,,,,0.0,0.0
38265,33118,30.19866943359375,-1.924991750329447,3001010303133221,0.3735057084265039,Ndera,483.77632585163633,1295.231411294028,Peri-urban,,,,0.0,0.0
38266,33118,30.20416259765625,-1.924991750329447,3001010303133230,0.3735057084265039,Ndera,415.8169829859902,1113.2814669358984,Peri-urban,,,,0.0,0.0
38267,33118,30.20965576171875,-1.924991750329447,3001010303133231,0.3735057084265039,Ndera,312.7912573040355,837.4470597029299,Peri-urban,,,,0.0,0.0
38268,33118,30.21514892578125,-1.924991750329447,3001010303133320,0.3735057084265039,Rusororo,312.7912573040355,837.4470597029299,Peri-urban,,,,0.0,0.0
38269,33118,30.22064208984375,-1.924991750329447,3001010303133321,0.3735057084265039,Rusororo,280.7108690599956,751.5571053587582,Peri-urban,,,,0.0,0.0
38270,33118,30.22613525390625,-1.924991750329447,3001010303133330,0.3735057084265039,Rusororo,316.22786230337334,846.6480034149162,Peri-urban,,,,0.0,0.0
38271,33118,30.23162841796875,-1.924991750329447,3001010303133331,0.3735057084265039,Rusororo,316.22786230337334,846.6480034149162,Peri-urban,,,,0.0,0.0
38272,33118,30.23712158203125,-1.924991750329447,3001010312022220,0.3735057084265039,Rusororo,270.0913160999431,723.1250018581443,Peri-urban,,,,0.0,0.0
38273,33118,30.24261474609375,-1.924991750329447,3001010312022221,0.3735057084265039,Rusororo,275.7541009913447,738.2861754724852,Peri-urban,,,,0.0,0.0
38274,33118,30.24810791015625,-1.924991750329447,3001010312022230,0.3735057084265039,Rusororo,275.7541009913447,738.2861754724852,Peri-urban,,,,0.0,0.0
38275,33118,30.25360107421875,-1.924991750329447,3001010312022231,0.3735057084265039,Rusororo,230.3788905384938,616.8015249593603,Peri-urban,,,,0.0,0.0
38276,33118,30.25909423828125,-1.924991750329447,3001010312022320,0.3735057084265039,Rusororo,241.0024463153212,645.2443453424331,Peri-urban,,,,0.0,0.0
38277,33118,30.26458740234375,-1.924991750329447,3001010312022321,0.3735057084265039,Rusororo,241.0024463153212,645.2443453424331,Peri-urban,,,,0.0,0.0
38278,33118,30.27008056640625,-1.924991750329447,3001010312022330,0.3735057084265039,Rusororo,429.12722938210703,1148.9174588252592,Peri-urban,,,,0.0,0.0
38279,33118,30.27557373046875,-1.924991750329447,3001010312022331,0.3735057084265039,Rusororo,345.50521138720114,925.0332822026668,Peri-urban,,,,0.0,0.0
38228,33119,29.99542236328125,-1.93048180552525,3001010303032322,0.37350329924823816,Kanyinya,512.7675543610237,1372.859504569537,Peri-urban,,,,0.0,0.0
38229,33119,30.00091552734375,-1.93048180552525,3001010303032323,0.37350329924823816,Kanyinya,260.01317281599194,696.1469238406424,Peri-urban,,,,0.0,0.0
38230,33119,30.00640869140625,-1.93048180552525,3001010303032332,0.37350329924823816,Kanyinya,260.01317281599194,696.1469238406424,Peri-urban,,,,0.0,0.0
38231,33119,30.01190185546875,-1.93048180552525,3001010303032333,0.37350329924823816,Kanyinya,487.4100053565615,1304.968406805474,Peri-urban,,,,0.0,0.0
38232,33119,30.01739501953125,-1.93048180552525,3001010303033222,0.37350329924823816,Kanyinya,230.8727873612092,618.127839368204,Peri-urban,,,,0.0,0.0
38233,33119,30.02288818359375,-1.93048180552525,3001010303033223,0.37350329924823816,Kanyinya,230.8727873612092,618.127839368204,Peri-urban,,,,0.0,0.0
38234,33119,30.02838134765625,-1.93048180552525,3001010303033232,0.37350329924823816,Kanyinya,428.67915918036994,1147.7252277106682,Peri-urban,,,,0.0,0.0
38235,33119,30.03387451171875,-1.93048180552525,3001010303033233,0.37350329924823816,Jali,747.9543769308517,2002.53753698102,Urban,,,,0.0,0.0
38236,33119,30.03936767578125,-1.93048180552525,3001010303033322,0.37350329924823816,Gatsata,747.9543769308517,2002.53753698102,Urban,,,,0.0,0.0
38237,33119,30.04486083984375,-1.93048180552525,3001010303033323,0.37350329924823816,Gatsata,4486.876279526971,12012.949520279602,Dense core,,,,0.0,0.0
38238,33119,30.05035400390625,-1.93048180552525,3001010303033332,0.37350329924823816,Gisozi,4733.504930148543,12673.261359875047,Dense core,,,,0.0,0.0
38239,33119,30.05584716796875,-1.93048180552525,3001010303033333,0.37350329924823816,Gisozi,4733.504930148543,12673.261359875047,Dense core,20.275,7.342,16.0,5.0,4.0
38240,33119,30.06134033203125,-1.93048180552525,3001010303122222,0.37350329924823816,Gisozi,4041.8934333492193,10821.573575078093,Dense core,5.278,1.6,21.0,1.0,1.0
38241,33119,30.06683349609375,-1.93048180552525,3001010303122223,0.37350329924823816,Kacyiru,2630.6967115103994,7043.302473646914,Dense core,27.172,14.436,13.0,2.0,1.0
38242,33119,30.07232666015625,-1.93048180552525,3001010303122232,0.37350329924823816,Kacyiru,2630.6967115103994,7043.302473646914,Dense core,73.185,22.6,104.0,5.0,2.0
38243,33119,30.07781982421875,-1.93048180552525,3001010303122233,0.37350329924823816,Kacyiru,2145.2266250191674,5743.527913506875,Urban,,,,0.0,0.0
38244,33119,30.08331298828125,-1.93048180552525,3001010303122322,0.37350329924823816,Kinyinya,2145.2266250191674,5743.527913506875,Urban,100.253,29.719,16.0,2.0,2.0
38245,33119,30.08880615234375,-1.93048180552525,3001010303122323,0.37350329924823816,Kinyinya,2211.4227537750558,5920.7582857395255,Urban,,,,0.0,0.0
38246,33119,30.09429931640625,-1.93048180552525,3001010303122332,0.37350329924823816,Remera,2118.4419963806113,5671.816020486208,Urban,47.504,11.381,10.0,2.0,2.0
38247,33119,30.09979248046875,-1.93048180552525,3001010303122333,0.37350329924823816,Remera,2118.4419963806113,5671.816020486208,Urban,76.37,23.486,16.0,4.0,3.0
38248,33119,30.10528564453125,-1.93048180552525,3001010303123222,0.37350329924823816,Remera,2056.063154873645,5504.805871894433,Urban,,,,0.0,0.0
38249,33119,30.11077880859375,-1.93048180552525,3001010303123223,0.37350329924823816,Kimironko,2252.268004866258,6030.115421736484,Dense core,42.82,8.124,22.0,3.0,2.0
38250,33119,30.11627197265625,-1.93048180552525,3001010303123232,0.37350329924823816,Kimironko,2252.268004866258,6030.115421736484,Dense core,101.056,31.105,15.0,1.0,1.0
38251,33119,30.12176513671875,-1.93048180552525,3001010303123233,0.37350329924823816,Kimironko,1046.1003408266931,2800.7793851679817,Urban,,,,0.0,0.0
38252,33119,30.12725830078125,-1.93048180552525,3001010303123322,0.37350329924823816,Kimironko,1209.0595030348054,3237.078508993943,Urban,,,,0.0,0.0
38253,33119,30.13275146484375,-1.93048180552525,3001010303123323,0.37350329924823816,Kimironko,1209.0595030348054,3237.078508993943,Urban,,,,0.0,0.0
38254,33119,30.13824462890625,-1.93048180552525,3001010303123332,0.37350329924823816,Kimironko,2739.015359385581,7333.309678652059,Dense core,8.914,3.235,21.0,1.0,1.0
38255,33119,30.14373779296875,-1.93048180552525,3001010303123333,0.37350329924823816,Bumbogo,2200.6053631263153,5891.796317610963,Urban,23.863,7.226,14.0,14.0,4.0
38256,33119,30.14923095703125,-1.93048180552525,3001010303132222,0.37350329924823816,Bumbogo,2200.6053631263153,5891.796317610963,Urban,,,,0.0,0.0
38257,33119,30.15472412109375,-1.93048180552525,3001010303132223,0.37350329924823816,Bumbogo,1187.5696766079695,3179.5426680252313,Urban,,,,0.0,0.0
38258,33119,30.16021728515625,-1.93048180552525,3001010303132232,0.37350329924823816,Bumbogo,1391.6683760474684,3725.9868355875924,Urban,,,,0.0,0.0
38259,33119,30.16571044921875,-1.93048180552525,3001010303132233,0.37350329924823816,Bumbogo,1391.6683760474684,3725.9868355875924,Urban,,,,0.0,0.0
38260,33119,30.17120361328125,-1.93048180552525,3001010303132322,0.37350329924823816,Bumbogo,557.7106625667535,1493.188048644484,Peri-urban,,,,0.0,0.0
38261,33119,30.17669677734375,-1.93048180552525,3001010303132323,0.37350329924823816,Bumbogo,722.062960632181,1933.2170882707055,Urban,,,,0.0,0.0
38262,33119,30.18218994140625,-1.93048180552525,3001010303132332,0.37350329924823816,Ndera,722.062960632181,1933.2170882707055,Urban,,,,0.0,0.0
38263,33119,30.18768310546875,-1.93048180552525,3001010303132333,0.37350329924823816,Ndera,698.8070971399289,1870.952943511985,Urban,,,,0.0,0.0
38264,33119,30.19317626953125,-1.93048180552525,3001010303133222,0.37350329924823816,Ndera,551.9070239276632,1477.64966210072,Peri-urban,,,,0.0,0.0
38265,33119,30.19866943359375,-1.93048180552525,3001010303133223,0.37350329924823816,Ndera,551.9070239276632,1477.64966210072,Peri-urban,6.589,2.677,47.0,4.0,1.0
38266,33119,30.20416259765625,-1.93048180552525,3001010303133232,0.37350329924823816,Ndera,571.0276174319255,1528.8422313303543,Urban,,,,0.0,0.0
38267,33119,30.20965576171875,-1.93048180552525,3001010303133233,0.37350329924823816,Ndera,581.2857363245921,1556.3068318126352,Urban,,,,0.0,0.0
38268,33119,30.21514892578125,-1.93048180552525,3001010303133322,0.37350329924823816,Ndera,581.2857363245921,1556.3068318126352,Urban,,,,0.0,0.0
38269,33119,30.22064208984375,-1.93048180552525,3001010303133323,0.37350329924823816,Rusororo,406.9896728967277,1089.6548269209097,Peri-urban,,,,0.0,0.0
38270,33119,30.22613525390625,-1.93048180552525,3001010303133332,0.37350329924823816,Rusororo,321.76688310061843,861.4833757780688,Peri-urban,,,,0.0,0.0
38271,33119,30.23162841796875,-1.93048180552525,3001010303133333,0.37350329924823816,Rusororo,321.76688310061843,861.4833757780688,Peri-urban,,,,0.0,0.0
38272,33119,30.23712158203125,-1.93048180552525,3001010312022222,0.37350329924823816,Rusororo,243.17113538407224,651.0548524564855,Peri-urban,,,,0.0,0.0
38273,33119,30.24261474609375,-1.93048180552525,3001010312022223,0.37350329924823816,Rusororo,328.290893008686,878.9504501551858,Peri-urban,,,,0.0,0.0
38274,33119,30.24810791015625,-1.93048180552525,3001010312022232,0.37350329924823816,Rusororo,328.290893008686,878.9504501551858,Peri-urban,,,,0.0,0.0
38275,33119,30.25360107421875,-1.93048180552525,3001010312022233,0.37350329924823816,Rusororo,337.244391380181,902.9221215956148,Peri-urban,,,,0.0,0.0
38276,33119,30.25909423828125,-1.93048180552525,3001010312022322,0.37350329924823816,Rusororo,165.89762052570543,444.1664126116497,Peri-urban,,,,0.0,0.0
38277,33119,30.26458740234375,-1.93048180552525,3001010312022323,0.37350329924823816,Rusororo,165.89762052570543,444.1664126116497,Peri-urban,,,,0.0,0.0
38278,33119,30.27008056640625,-1.93048180552525,3001010312022332,0.37350329924823816,Rusororo,474.9012966478919,1271.4781840046412,Peri-urban,,,,0.0,0.0
38279,33119,30.27557373046875,-1.93048180552525,3001010312022333,0.37350329924823816,Rusororo,652.206134314585,1746.1857381910704,Urban,,,,0.0,0.0
38228,33120,29.99542236328125,-1.9359718429899049,3001010303210100,0.373500883227024,Kanyinya,225.43553008433025,603.5742891330846,Peri-urban,,,,0.0,0.0
38229,33120,30.00091552734375,-1.9359718429899049,3001010303210101,0.373500883227024,Kanyinya,829.9340793270004,2222.04047325517,Urban,,,,0.0,0.0
38230,33120,30.00640869140625,-1.9359718429899049,3001010303210110,0.373500883227024,Kanyinya,829.9340793270004,2222.04047325517,Urban,,,,0.0,0.0
38231,33120,30.01190185546875,-1.9359718429899049,3001010303210111,0.373500883227024,Kanyinya,483.7964171539095,1295.3019360327585,Peri-urban,,,,0.0,0.0
38232,33120,30.01739501953125,-1.9359718429899049,3001010303211000,0.373500883227024,Kanyinya,104.68075462366349,280.2690952675356,Rural,,,,0.0,0.0
38233,33120,30.02288818359375,-1.9359718429899049,3001010303211001,0.373500883227024,Kanyinya,104.68075462366349,280.2690952675356,Rural,,,,0.0,0.0
38234,33120,30.02838134765625,-1.9359718429899049,3001010303211010,0.373500883227024,Kanyinya,548.6307958247412,1468.8875460871893,Peri-urban,,,,0.0,0.0
38235,33120,30.03387451171875,-1.9359718429899049,3001010303211011,0.373500883227024,Jali,2813.1430985697807,7531.824487975509,Dense core,,,,0.0,0.0
38236,33120,30.03936767578125,-1.9359718429899049,3001010303211100,0.373500883227024,Gatsata,2813.1430985697807,7531.824487975509,Dense core,,,,0.0,0.0
38237,33120,30.04486083984375,-1.9359718429899049,3001010303211101,0.373500883227024,Gatsata,3196.896321274551,8559.273792483618,Dense core,17.853,23.364,15.0,1.0,1.0
38238,33120,30.05035400390625,-1.9359718429899049,3001010303211110,0.373500883227024,Muhima,3271.7216127092443,8759.60877104701,Dense core,64.36,16.79,22.0,4.0,3.0
38239,33120,30.05584716796875,-1.9359718429899049,3001010303211111,0.373500883227024,Muhima,3271.7216127092443,8759.60877104701,Dense core,47.598,7.472,20.0,11.0,4.0
38240,33120,30.06134033203125,-1.9359718429899049,3001010303300000,0.373500883227024,Muhima,3588.2025435911874,9606.945270354769,Dense core,15.939,9.944,14.0,2.0,1.0
38241,33120,30.06683349609375,-1.9359718429899049,3001010303300001,0.373500883227024,Kacyiru,2567.4838142745684,6874.1037292647625,Dense core,,,,0.0,0.0
38242,33120,30.07232666015625,-1.9359718429899049,3001010303300010,0.373500883227024,Kacyiru,2567.4838142745684,6874.1037292647625,Dense core,32.869,28.104,30.0,7.0,2.0
38243,33120,30.07781982421875,-1.9359718429899049,3001010303300011,0.373500883227024,Kacyiru,2360.039334996917,6318.698136953055,Dense core,83.88,28.995,19.0,6.0,3.0
38244,33120,30.08331298828125,-1.9359718429899049,3001010303300100,0.373500883227024,Kacyiru,2360.039334996917,6318.698136953055,Dense core,27.957,12.446,32.0,11.0,4.0
38245,33120,30.08880615234375,-1.9359718429899049,3001010303300101,0.373500883227024,Kacyiru,2073.9448175054267,5552.71730440548,Urban,9.926,2.633,13.0,10.0,1.0
38246,33120,30.09429931640625,-1.9359718429899049,3001010303300110,0.373500883227024,Remera,1125.7658393791648,3014.09150536036,Urban,,,,0.0,0.0
38247,33120,30.09979248046875,-1.9359718429899049,3001010303300111,0.373500883227024,Remera,1125.7658393791648,3014.09150536036,Urban,22.767,9.744,44.0,5.0,2.0
38248,33120,30.10528564453125,-1.9359718429899049,3001010303301000,0.373500883227024,Remera,1951.5727744157073,5225.082086966547,Urban,45.19,9.761,23.0,4.0,1.0
38249,33120,30.11077880859375,-1.9359718429899049,3001010303301001,0.373500883227024,Kimironko,2118.418493145393,5671.789782241988,Urban,12.745,0.962,25.0,1.0,1.0
38250,33120,30.11627197265625,-1.9359718429899049,3001010303301010,0.373500883227024,Kimironko,2118.418493145393,5671.789782241988,Urban,,,,0.0,0.0
38251,33120,30.12176513671875,-1.9359718429899049,3001010303301011,0.373500883227024,Kimironko,2408.816597951062,6449.29290966875,Dense core,54.655,26.476,15.0,7.0,4.0
38252,33120,30.12725830078125,-1.9359718429899049,3001010303301100,0.373500883227024,Kimironko,2635.7628880694015,7056.912062152509,Dense core,,,,0.0,0.0
38253,33120,30.13275146484375,-1.9359718429899049,3001010303301101,0.373500883227024,Kimironko,2635.7628880694015,7056.912062152509,Dense core,,,,0.0,0.0
38254,33120,30.13824462890625,-1.9359718429899049,3001010303301110,0.373500883227024,Ndera,2493.8260568951973,6676.894671168373,Dense core,,,,0.0,0.0
38255,33120,30.14373779296875,-1.9359718429899049,3001010303301111,0.373500883227024,Ndera,2440.6427351793436,6534.503249610401,Dense core,48.073,12.525,22.0,19.0,4.0
38256,33120,30.14923095703125,-1.9359718429899049,3001010303310000,0.373500883227024,Bumbogo,2440.6427351793436,6534.503249610401,Dense core,79.602,20.674,13.0,3.0,1.0
38257,33120,30.15472412109375,-1.9359718429899049,3001010303310001,0.373500883227024,Bumbogo,898.7133418751008,2406.1879964252676,Urban,,,,0.0,0.0
38258,33120,30.16021728515625,-1.9359718429899049,3001010303310010,0.373500883227024,Bumbogo,1028.8363893008245,2754.5755191038456,Urban,23.096,14.231,32.0,2.0,1.0
38259,33120,30.16571044921875,-1.9359718429899049,3001010303310011,0.373500883227024,Bumbogo,1028.8363893008245,2754.5755191038456,Urban,,,,0.0,0.0
38260,33120,30.17120361328125,-1.9359718429899049,3001010303310100,0.373500883227024,Ndera,1076.7735998673852,2882.921160892926,Urban,19.802,1.748,24.0,2.0,1.0
38261,33120,30.17669677734375,-1.9359718429899049,3001010303310101,0.373500883227024,Ndera,809.8785490758173,2168.3444014335864,Urban,12.484,3.467,14.0,1.0,1.0
38262,33120,30.18218994140625,-1.9359718429899049,3001010303310110,0.373500883227024,Ndera,809.8785490758173,2168.3444014335864,Urban,,,,0.0,0.0
38263,33120,30.18768310546875,-1.9359718429899049,3001010303310111,0.373500883227024,Ndera,678.3210614962771,1816.1163519497627,Urban,,,,0.0,0.0
38264,33120,30.19317626953125,-1.9359718429899049,3001010303311000,0.373500883227024,Ndera,736.5377593667037,1971.9839830178285,Urban,,,,0.0,0.0
38265,33120,30.19866943359375,-1.9359718429899049,3001010303311001,0.373500883227024,Ndera,736.5377593667037,1971.9839830178285,Urban,,,,0.0,0.0
38266,33120,30.20416259765625,-1.9359718429899049,3001010303311010,0.373500883227024,Ndera,190.83188292246498,510.92752786469896,Peri-urban,,,,0.0,0.0
38267,33120,30.20965576171875,-1.9359718429899049,3001010303311011,0.373500883227024,Ndera,619.974086124066,1659.8999198275762,Urban,,,,0.0,0.0
38268,33120,30.21514892578125,-1.9359718429899049,3001010303311100,0.373500883227024,Ndera,619.974086124066,1659.8999198275762,Urban,,,,0.0,0.0
38269,33120,30.22064208984375,-1.9359718429899049,3001010303311101,0.373500883227024,Ndera,419.6146801998225,1123.4636892271262,Peri-urban,,,,0.0,0.0
38270,33120,30.22613525390625,-1.9359718429899049,3001010303311110,0.373500883227024,Rusororo,451.6502701342714,1209.2348115271955,Peri-urban,,,,0.0,0.0
38271,33120,30.23162841796875,-1.9359718429899049,3001010303311111,0.373500883227024,Rusororo,451.6502701342714,1209.2348115271955,Peri-urban,,,,0.0,0.0
38272,33120,30.23712158203125,-1.9359718429899049,3001010312200000,0.373500883227024,Rusororo,283.58135187021355,759.2521587100106,Peri-urban,,,,0.0,0.0
38273,33120,30.24261474609375,-1.9359718429899049,3001010312200001,0.373500883227024,Rusororo,318.78154830540865,853.4961030109387,Peri-urban,,,,0.0,0.0
38274,33120,30.24810791015625,-1.9359718429899049,3001010312200010,0.373500883227024,Rusororo,318.78154830540865,853.4961030109387,Peri-urban,,,,0.0,0.0
38275,33120,30.25360107421875,-1.9359718429899049,3001010312200011,0.373500883227024,Rusororo,307.6713484594379,823.7499890259346,Peri-urban,,,,0.0,0.0
38276,33120,30.25909423828125,-1.9359718429899049,3001010312200100,0.373500883227024,Rusororo,321.911917601159,861.8772593517327,Peri-urban,,,,0.0,0.0
38277,33120,30.26458740234375,-1.9359718429899049,3001010312200101,0.373500883227024,Rusororo,321.911917601159,861.8772593517327,Peri-urban,,,,0.0,0.0
38278,33120,30.27008056640625,-1.9359718429899049,3001010312200110,0.373500883227024,Rusororo,212.30625578551607,568.4223661031359,Peri-urban,,,,0.0,0.0
38279,33120,30.27557373046875,-1.9359718429899049,3001010312200111,0.373500883227024,Rusororo,288.256424866969,771.7690581517551,Peri-urban,,,,0.0,0.0
38229,33121,30.00091552734375,-1.9414618626730635,3001010303210103,0.37349846036303874,Kanyinya,829.9313874717167,2222.047680370696,Urban,,,,0.0,0.0
38230,33121,30.00640869140625,-1.9414618626730635,3001010303210112,0.37349846036303874,Kanyinya,829.9313874717167,2222.047680370696,Urban,,,,0.0,0.0
38231,33121,30.01190185546875,-1.9414618626730635,3001010303210113,0.37349846036303874,Kanyinya,483.79484798115925,1295.3061373021803,Peri-urban,,,,0.0,0.0
38232,33121,30.01739501953125,-1.9414618626730635,3001010303211002,0.37349846036303874,Kanyinya,104.68041509616431,280.2700043111702,Rural,,,,0.0,0.0
38233,33121,30.02288818359375,-1.9414618626730635,3001010303211003,0.37349846036303874,Kanyinya,104.68041509616431,280.2700043111702,Rural,,,,0.0,0.0
38234,33121,30.02838134765625,-1.9414618626730635,3001010303211012,0.37349846036303874,Kanyinya,548.6290163644884,1468.8923103758543,Peri-urban,,,,0.0,0.0
38235,33121,30.03387451171875,-1.9414618626730635,3001010303211013,0.37349846036303874,Kanyinya,2813.133974261836,7531.848917201648,Dense core,,,,0.0,0.0
38236,33121,30.03936767578125,-1.9414618626730635,3001010303211102,0.37349846036303874,Gatsata,2813.133974261836,7531.848917201648,Dense core,,,,0.0,0.0
38237,33121,30.04486083984375,-1.9414618626730635,3001010303211103,0.37349846036303874,Kimisagara,3196.8859522796292,8559.301554207937,Dense core,27.918,19.129,19.0,22.0,10.0
38238,33121,30.05035400390625,-1.9414618626730635,3001010303211112,0.37349846036303874,Muhima,3271.7110010217266,8759.637182551272,Dense core,,,,0.0,0.0
38239,33121,30.05584716796875,-1.9414618626730635,3001010303211113,0.37349846036303874,Muhima,3271.7110010217266,8759.637182551272,Dense core,30.004,21.914,20.0,23.0,9.0
38240,33121,30.06134033203125,-1.9414618626730635,3001010303300002,0.37349846036303874,Muhima,3588.190905411461,9606.976430167226,Dense core,40.214,21.412,16.0,21.0,8.0
38241,33121,30.06683349609375,-1.9414618626730635,3001010303300003,0.37349846036303874,Muhima,2567.475486751885,6874.1260251951535,Dense core,48.88,18.065,21.0,7.0,4.0
38242,33121,30.07232666015625,-1.9414618626730635,3001010303300012,0.37349846036303874,Kacyiru,2567.475486751885,6874.1260251951535,Dense core,50.379,12.527,18.0,6.0,3.0
38243,33121,30.07781982421875,-1.9414618626730635,3001010303300013,0.37349846036303874,Kacyiru,2360.0316803114288,6318.718631443592,Dense core,5.955,0.086,16.0,2.0,1.0
38244,33121,30.08331298828125,-1.9414618626730635,3001010303300102,0.37349846036303874,Kacyiru,2360.0316803114288,6318.718631443592,Dense core,42.745,25.73,16.0,1.0,1.0
38245,33121,30.08880615234375,-1.9414618626730635,3001010303300103,0.37349846036303874,Kacyiru,2073.938090755129,5552.735314462263,Urban,17.586,8.567,16.0,12.0,4.0
38246,33121,30.09429931640625,-1.9414618626730635,3001010303300112,0.37349846036303874,Kacyiru,1125.7621880063648,3014.1012814674773,Urban,153.606,42.23,11.0,4.0,1.0
38247,33121,30.09979248046875,-1.9414618626730635,3001010303300113,0.37349846036303874,Remera,1125.7621880063648,3014.1012814674773,Urban,,,,0.0,0.0
38248,33121,30.10528564453125,-1.9414618626730635,3001010303301002,0.37349846036303874,Remera,1951.5664445738375,5225.099034349229,Urban,69.103,8.847,14.0,11.0,2.0
38249,33121,30.11077880859375,-1.9414618626730635,3001010303301003,0.37349846036303874,Remera,2118.411622146652,5671.808178506454,Urban,8.283,4.774,24.0,1.0,1.0
38250,33121,30.11627197265625,-1.9414618626730635,3001010303301012,0.37349846036303874,Kimironko,2118.411622146652,5671.808178506454,Urban,10.572,0.447,14.0,2.0,1.0
38251,33121,30.12176513671875,-1.9414618626730635,3001010303301013,0.37349846036303874,Kimironko,2408.8087850586303,6449.3138277391545,Dense core,89.167,27.027,16.0,9.0,1.0
38252,33121,30.12725830078125,-1.9414618626730635,3001010303301102,0.37349846036303874,Kimironko,2635.754339086496,7056.934951015743,Dense core,130.435,8.306,19.0,1.0,1.0
38253,33121,30.13275146484375,-1.9414618626730635,3001010303301103,0.37349846036303874,Kimironko,2635.754339086496,7056.934951015743,Dense core,60.453,38.887,20.0,15.0,2.0
38254,33121,30.13824462890625,-1.9414618626730635,3001010303301112,0.37349846036303874,Kimironko,2493.8179682782634,6676.916327457639,Dense core,,,,0.0,0.0
38255,33121,30.14373779296875,-1.9414618626730635,3001010303301113,0.37349846036303874,Ndera,2440.6348190602125,6534.5244440577535,Dense core,48.225,22.843,17.0,8.0,2.0
38256,33121,30.14923095703125,-1.9414618626730635,3001010303310002,0.37349846036303874,Ndera,2440.6348190602125,6534.5244440577535,Dense core,,,,0.0,0.0
38257,33121,30.15472412109375,-1.9414618626730635,3001010303310003,0.37349846036303874,Ndera,898.7104269372545,2406.195800817257,Urban,,,,0.0,0.0
38258,33121,30.16021728515625,-1.9414618626730635,3001010303310012,0.37349846036303874,Bumbogo,1028.8330523145028,2754.584453479358,Urban,36.117,19.784,13.0,1.0,1.0
38259,33121,30.16571044921875,-1.9414618626730635,3001010303310013,0.37349846036303874,Bumbogo,1028.8330523145028,2754.584453479358,Urban,,,,0.0,0.0
38260,33121,30.17120361328125,-1.9414618626730635,3001010303310102,0.37349846036303874,Ndera,1076.7701073987948,2882.9305115533257,Urban,22.556,8.48,20.0,1.0,1.0
38261,33121,30.17669677734375,-1.9414618626730635,3001010303310103,0.37349846036303874,Ndera,809.8759222697785,2168.3514343876623,Urban,35.454,11.608,15.0,1.0,1.0
38262,33121,30.18218994140625,-1.9414618626730635,3001010303310112,0.37349846036303874,Ndera,809.8759222697785,2168.3514343876623,Urban,,,,0.0,0.0
38263,33121,30.18768310546875,-1.9414618626730635,3001010303310113,0.37349846036303874,Ndera,678.3188613912581,1816.1222424636915,Urban,,,,0.0,0.0
38264,33121,30.19317626953125,-1.9414618626730635,3001010303311002,0.37349846036303874,Ndera,736.5353704383434,1971.9903790833155,Urban,,,,0.0,0.0
38265,33121,30.19866943359375,-1.9414618626730635,3001010303311003,0.37349846036303874,Ndera,736.5353704383434,1971.9903790833155,Urban,,,,0.0,0.0
38266,33121,30.20416259765625,-1.9414618626730635,3001010303311012,0.37349846036303874,Ndera,190.83126396750805,510.9291850414081,Peri-urban,,,,0.0,0.0
38267,33121,30.20965576171875,-1.9414618626730635,3001010303311013,0.37349846036303874,Ndera,619.9720752649374,1659.9053036586215,Urban,,,,0.0,0.0
38268,33121,30.21514892578125,-1.9414618626730635,3001010303311102,0.37349846036303874,Ndera,619.9720752649374,1659.9053036586215,Urban,,,,0.0,0.0
38269,33121,30.22064208984375,-1.9414618626730635,3001010303311103,0.37349846036303874,Ndera,419.6133191977596,1123.4673331448205,Peri-urban,,,,0.0,0.0
38270,33121,30.22613525390625,-1.9414618626730635,3001010303311112,0.37349846036303874,Rusororo,451.6488052261584,1209.2387336407166,Peri-urban,,,,0.0,0.0
38271,33121,30.23162841796875,-1.9414618626730635,3001010303311113,0.37349846036303874,Rusororo,451.6488052261584,1209.2387336407166,Peri-urban,,,,0.0,0.0
38272,33121,30.23712158203125,-1.9414618626730635,3001010312200002,0.37349846036303874,Rusororo,283.58043208636633,759.2546213195296,Peri-urban,,,,0.0,0.0
38273,33121,30.24261474609375,-1.9414618626730635,3001010312200003,0.37349846036303874,Rusororo,318.78051435124706,853.4988712976057,Peri-urban,,,,0.0,0.0
38274,33121,30.24810791015625,-1.9414618626730635,3001010312200012,0.37349846036303874,Rusororo,318.78051435124706,853.4988712976057,Peri-urban,,,,0.0,0.0
38275,33121,30.25360107421875,-1.9414618626730635,3001010312200013,0.37349846036303874,Rusororo,307.6703505407289,823.7526608320549,Peri-urban,,,,0.0,0.0
38276,33121,30.25909423828125,-1.9414618626730635,3001010312200102,0.37349846036303874,Rusororo,321.91087349378,861.8800548224058,Peri-urban,,,,0.0,0.0
38277,33121,30.26458740234375,-1.9414618626730635,3001010312200103,0.37349846036303874,Rusororo,321.91087349378,861.8800548224058,Peri-urban,,,,0.0,0.0
38278,33121,30.27008056640625,-1.9414618626730635,3001010312200112,0.37349846036303874,Rusororo,212.30556717935968,568.4242097624705,Peri-urban,,,,0.0,0.0
38229,33122,30.00091552734375,-1.946951864524379,3001010303210121,0.37349603065646036,Kanyinya,553.5846295372482,1482.1700476020117,Peri-urban,,,,0.0,0.0
38230,33122,30.00640869140625,-1.946951864524379,3001010303210130,0.37349603065646036,Kanyinya,553.5846295372482,1482.1700476020117,Peri-urban,,,,0.0,0.0
38231,33122,30.01190185546875,-1.946951864524379,3001010303210131,0.37349603065646036,Kigali,1199.7659137066562,3212.2588066007975,Urban,,,,0.0,0.0
38232,33122,30.01739501953125,-1.946951864524379,3001010303211020,0.37349603065646036,Kanyinya,1011.0429129685326,2706.9709715295057,Urban,,,,0.0,0.0
38233,33122,30.02288818359375,-1.946951864524379,3001010303211021,0.37349603065646036,Kigali,1011.0429129685326,2706.9709715295057,Urban,,,,0.0,0.0
38234,33122,30.02838134765625,-1.946951864524379,3001010303211030,0.37349603065646036,Kigali,1534.9334312472354,4109.637868304573,Urban,,,,0.0,0.0
38235,33122,30.03387451171875,-1.946951864524379,3001010303211031,0.37349603065646036,Kigali,2134.988773842979,5716.228817989046,Urban,,,,0.0,0.0
38236,33122,30.03936767578125,-1.946951864524379,3001010303211120,0.37349603065646036,Kigali,2134.988773842979,5716.228817989046,Urban,,,,0.0,0.0
38237,33122,30.04486083984375,-1.946951864524379,3001010303211121,0.37349603065646036,Kimisagara,6803.281992098423,18215.138672667836,Dense core,,,,0.0,0.0
38238,33122,30.05035400390625,-1.946951864524379,3001010303211130,0.37349603065646036,Kimisagara,5396.013599029741,14447.311768067933,Dense core,37.538,35.737,18.0,4.0,2.0
38239,33122,30.05584716796875,-1.946951864524379,3001010303211131,0.37349603065646036,Nyarugenge,5396.013599029741,14447.311768067933,Dense core,34.565,15.875,18.0,30.0,9.0
38240,33122,30.06134033203125,-1.946951864524379,3001010303300020,0.37349603065646036,Nyarugenge,1911.686367320694,5118.357921932115,Urban,46.25,18.816,33.0,42.0,14.0
38241,33122,30.06683349609375,-1.946951864524379,3001010303300021,0.37349603065646036,Nyarugenge,2084.348353885588,5580.643923369457,Urban,57.088,35.254,62.0,1.0,1.0
38242,33122,30.07232666015625,-1.946951864524379,3001010303300030,0.37349603065646036,Muhima,2084.348353885588,5580.643923369457,Urban,57.155,25.481,15.0,12.0,5.0
38243,33122,30.07781982421875,-1.946951864524379,3001010303300031,0.37349603065646036,Kimihurura,1641.8901918139934,4396.004393750024,Urban,66.375,16.602,18.0,3.0,2.0
38244,33122,30.08331298828125,-1.946951864524379,3001010303300120,0.37349603065646036,Kimihurura,1641.8901918139934,4396.004393750024,Urban,9.279,10.955,16.0,1.0,1.0
38245,33122,30.08880615234375,-1.946951864524379,3001010303300121,0.37349603065646036,Kacyiru,2069.3611481140297,5540.517109316797,Urban,57.352,17.048,16.0,16.0,6.0
38246,33122,30.09429931640625,-1.946951864524379,3001010303300130,0.37349603065646036,Kacyiru,1236.0876430037877,3309.5067726187817,Urban,86.693,27.5,15.0,4.0,3.0
38247,33122,30.09979248046875,-1.946951864524379,3001010303300131,0.37349603065646036,Kimihurura,1236.0876430037877,3309.5067726187817,Urban,146.203,26.98,15.0,1.0,1.0
38248,33122,30.10528564453125,-1.946951864524379,3001010303301020,0.37349603065646036,Remera,1607.2893312098784,4303.3638895302065,Urban,,,,0.0,0.0
38249,33122,30.11077880859375,-1.946951864524379,3001010303301021,0.37349603065646036,Remera,2662.732727221954,7129.212919724765,Dense core,44.257,5.571,16.0,1.0,1.0
38250,33122,30.11627197265625,-1.946951864524379,3001010303301030,0.37349603065646036,Kimironko,2662.732727221954,7129.212919724765,Dense core,15.136,0.661,18.0,2.0,2.0
38251,33122,30.12176513671875,-1.946951864524379,3001010303301031,0.37349603065646036,Kimironko,2593.20416691572,6943.056830772414,Dense core,,,,0.0,0.0
38252,33122,30.12725830078125,-1.946951864524379,3001010303301120,0.37349603065646036,Kimironko,2987.365714684387,7998.386781872255,Dense core,42.367,26.886,19.0,4.0,3.0
38253,33122,30.13275146484375,-1.946951864524379,3001010303301121,0.37349603065646036,Kimironko,2987.365714684387,7998.386781872255,Dense core,8.411,1.584,15.0,1.0,1.0
38254,33122,30.13824462890625,-1.946951864524379,3001010303301130,0.37349603065646036,Kimironko,2098.8900252368107,5619.577861504393,Urban,79.054,20.395,16.0,2.0,1.0
38255,33122,30.14373779296875,-1.946951864524379,3001010303301131,0.37349603065646036,Ndera,1068.1827557467757,2859.9574508712367,Urban,39.458,32.464,17.0,1.0,1.0
38256,33122,30.14923095703125,-1.946951864524379,3001010303310020,0.37349603065646036,Ndera,1068.1827557467757,2859.9574508712367,Urban,,,,0.0,0.0
38257,33122,30.15472412109375,-1.946951864524379,3001010303310021,0.37349603065646036,Ndera,987.033475074581,2642.687991462081,Urban,,,,0.0,0.0
38258,33122,30.16021728515625,-1.946951864524379,3001010303310030,0.37349603065646036,Ndera,607.5489988517216,1626.65449960442,Urban,27.48,4.079,25.0,17.0,1.0
38259,33122,30.16571044921875,-1.946951864524379,3001010303310031,0.37349603065646036,Bumbogo,607.5489988517216,1626.65449960442,Urban,,,,0.0,0.0
38260,33122,30.17120361328125,-1.946951864524379,3001010303310120,0.37349603065646036,Ndera,1288.693153684317,3450.3530102295786,Urban,,,,0.0,0.0
38261,33122,30.17669677734375,-1.946951864524379,3001010303310121,0.37349603065646036,Ndera,1346.4036306290946,3604.8673081281268,Urban,60.253,9.444,19.0,2.0,1.0
38262,33122,30.18218994140625,-1.946951864524379,3001010303310130,0.37349603065646036,Ndera,1346.4036306290946,3604.8673081281268,Urban,,,,0.0,0.0
38263,33122,30.18768310546875,-1.946951864524379,3001010303310131,0.37349603065646036,Ndera,502.8301574648287,1346.2797893221232,Peri-urban,,,,0.0,0.0
38264,33122,30.19317626953125,-1.946951864524379,3001010303311020,0.37349603065646036,Ndera,955.530114073657,2558.340747006622,Urban,,,,0.0,0.0
38265,33122,30.19866943359375,-1.946951864524379,3001010303311021,0.37349603065646036,Ndera,955.530114073657,2558.340747006622,Urban,4.393,1.643,540.0,6.0,2.0
38266,33122,30.20416259765625,-1.946951864524379,3001010303311030,0.37349603065646036,Ndera,622.8763329008075,1667.6919746805174,Urban,,,,0.0,0.0
38267,33122,30.20965576171875,-1.946951864524379,3001010303311031,0.37349603065646036,Ndera,779.5662200438226,2087.214203250431,Urban,,,,0.0,0.0
38268,33122,30.21514892578125,-1.946951864524379,3001010303311120,0.37349603065646036,Ndera,779.5662200438226,2087.214203250431,Urban,,,,0.0,0.0
38269,33122,30.22064208984375,-1.946951864524379,3001010303311121,0.37349603065646036,Ndera,838.9546560417086,2246.2210764787874,Urban,,,,0.0,0.0
38270,33122,30.22613525390625,-1.946951864524379,3001010303311130,0.37349603065646036,Ndera,477.3878364710723,1278.160401415808,Peri-urban,,,,0.0,0.0
38271,33122,30.23162841796875,-1.946951864524379,3001010303311131,0.37349603065646036,Rusororo,477.3878364710723,1278.160401415808,Peri-urban,,,,0.0,0.0
38272,33122,30.23712158203125,-1.946951864524379,3001010312200020,0.37349603065646036,Rusororo,437.1153782010915,1170.3347353727245,Peri-urban,,,,0.0,0.0
38273,33122,30.24261474609375,-1.946951864524379,3001010312200021,0.37349603065646036,Rusororo,541.609317569861,1450.1072919514647,Peri-urban,,,,0.0,0.0
38274,33122,30.24810791015625,-1.946951864524379,3001010312200030,0.37349603065646036,Rusororo,541.609317569861,1450.1072919514647,Peri-urban,,,,0.0,0.0
38275,33122,30.25360107421875,-1.946951864524379,3001010312200031,0.37349603065646036,Rusororo,399.1190254882817,1068.6031248760157,Peri-urban,,,,0.0,0.0
38276,33122,30.25909423828125,-1.946951864524379,3001010312200120,0.37349603065646036,Rusororo,373.01179187165144,998.7034968378169,Peri-urban,,,,0.0,0.0
38277,33122,30.26458740234375,-1.946951864524379,3001010312200121,0.37349603065646036,Rusororo,373.01179187165144,998.7034968378169,Peri-urban,5.212,0.425,60.0,6.0,1.0
38229,33123,30.00091552734375,-1.9524418484935027,3001010303210123,0.3734935941074669,Kigali,391.5554579692964,1048.3592333223057,Peri-urban,,,,0.0,0.0
38230,33123,30.00640869140625,-1.9524418484935027,3001010303210132,0.3734935941074669,Kigali,391.5554579692964,1048.3592333223057,Peri-urban,,,,0.0,0.0
38231,33123,30.01190185546875,-1.9524418484935027,3001010303210133,0.3734935941074669,Kigali,1495.1402171585746,4003.1214477225317,Urban,16.549,4.376,19.0,3.0,1.0
38232,33123,30.01739501953125,-1.9524418484935027,3001010303211022,0.3734935941074669,Kigali,2892.205968892308,7743.656155077512,Dense core,,,,0.0,0.0
38233,33123,30.02288818359375,-1.9524418484935027,3001010303211023,0.3734935941074669,Kigali,2892.205968892308,7743.656155077512,Dense core,,,,0.0,0.0
38234,33123,30.02838134765625,-1.9524418484935027,3001010303211032,0.3734935941074669,Kigali,1379.4146834295475,3693.2753471339124,Urban,,,,0.0,0.0
38235,33123,30.03387451171875,-1.9524418484935027,3001010303211033,0.3734935941074669,Kigali,2491.4192845273537,6670.58103226929,Dense core,,,,0.0,0.0
38236,33123,30.03936767578125,-1.9524418484935027,3001010303211122,0.3734935941074669,Kimisagara,2491.4192845273537,6670.58103226929,Dense core,,,,0.0,0.0
38237,33123,30.04486083984375,-1.9524418484935027,3001010303211123,0.3734935941074669,Kimisagara,7604.311424390735,20359.951400405313,Dense core,,,,0.0,0.0
38238,33123,30.05035400390625,-1.9524418484935027,3001010303211132,0.3734935941074669,Kimisagara,9346.238158675253,25023.824521033202,Dense core,48.66,17.821,19.0,9.0,2.0
38239,33123,30.05584716796875,-1.9524418484935027,3001010303211133,0.3734935941074669,Gitega,9346.238158675253,25023.824521033202,Dense core,250.193,19.513,10.0,1.0,1.0
38240,33123,30.06134033203125,-1.9524418484935027,3001010303300022,0.3734935941074669,Nyarugenge,1462.6530291385861,3916.139532818147,Urban,44.337,38.09,140.0,3.0,3.0
38241,33123,30.06683349609375,-1.9524418484935027,3001010303300023,0.3734935941074669,Nyarugenge,1414.466194401429,3787.123036960143,Urban,110.381,31.182,14.0,5.0,2.0
38242,33123,30.07232666015625,-1.9524418484935027,3001010303300032,0.3734935941074669,Nyarugenge,1414.466194401429,3787.123036960143,Urban,41.611,9.45,77.0,8.0,4.0
38243,33123,30.07781982421875,-1.9524418484935027,3001010303300033,0.3734935941074669,Kimihurura,1846.701272623542,4944.398784232382,Urban,35.152,8.001,26.0,3.0,2.0
38244,33123,30.08331298828125,-1.9524418484935027,3001010303300122,0.3734935941074669,Kimihurura,1846.701272623542,4944.398784232382,Urban,115.253,15.236,11.0,3.0,3.0
38245,33123,30.08880615234375,-1.9524418484935027,3001010303300123,0.3734935941074669,Kimihurura,914.1722729256837,2447.6250392199363,Urban,4.662,2.648,25.0,1.0,1.0
38246,33123,30.09429931640625,-1.9524418484935027,3001010303300132,0.3734935941074669,Kimihurura,1363.1718365999006,3649.786390198889,Urban,66.284,8.956,19.0,15.0,5.0
38247,33123,30.09979248046875,-1.9524418484935027,3001010303300133,0.3734935941074669,Kimihurura,1363.1718365999006,3649.786390198889,Urban,40.572,40.878,22.0,1.0,1.0
38248,33123,30.10528564453125,-1.9524418484935027,3001010303301022,0.3734935941074669,Remera,2177.285880278693,5829.513315969251,Urban,26.138,15.587,111.0,8.0,5.0
38249,33123,30.11077880859375,-1.9524418484935027,3001010303301023,0.3734935941074669,Remera,2467.263584339826,6605.9060269448955,Dense core,49.243,15.675,13.0,7.0,2.0
38250,33123,30.11627197265625,-1.9524418484935027,3001010303301032,0.3734935941074669,Remera,2467.263584339826,6605.9060269448955,Dense core,44.111,8.29,19.0,17.0,3.0
38251,33123,30.12176513671875,-1.9524418484935027,3001010303301033,0.3734935941074669,Kimironko,2522.5713680067875,6753.9883087819635,Dense core,43.741,24.377,13.0,6.0,1.0
38252,33123,30.12725830078125,-1.9524418484935027,3001010303301122,0.3734935941074669,Kimironko,2488.242914130982,6662.076547998383,Dense core,,,,0.0,0.0
38253,33123,30.13275146484375,-1.9524418484935027,3001010303301123,0.3734935941074669,Kimironko,2488.242914130982,6662.076547998383,Dense core,37.585,18.78,22.0,2.0,1.0
38254,33123,30.13824462890625,-1.9524418484935027,3001010303301132,0.3734935941074669,Kimironko,1766.9152203391238,4730.777845230517,Urban,,,,0.0,0.0
38255,33123,30.14373779296875,-1.9524418484935027,3001010303301133,0.3734935941074669,Ndera,612.5482687913708,1640.0502671409129,Urban,,,,0.0,0.0
38256,33123,30.14923095703125,-1.9524418484935027,3001010303310022,0.3734935941074669,Ndera,612.5482687913708,1640.0502671409129,Urban,,,,0.0,0.0
38257,33123,30.15472412109375,-1.9524418484935027,3001010303310023,0.3734935941074669,Ndera,804.7757836983857,2154.7244622000776,Urban,18.275,2.032,29.0,1.0,1.0
38258,33123,30.16021728515625,-1.9524418484935027,3001010303310032,0.3734935941074669,Ndera,785.6472196274624,2103.5092221726427,Urban,26.61,25.504,16.0,1.0,1.0
38259,33123,30.16571044921875,-1.9524418484935027,3001010303310033,0.3734935941074669,Ndera,785.6472196274624,2103.5092221726427,Urban,,,,0.0,0.0
38260,33123,30.17120361328125,-1.9524418484935027,3001010303310122,0.3734935941074669,Ndera,1491.0869772546357,3992.2692136604596,Urban,,,,0.0,0.0
38261,33123,30.17669677734375,-1.9524418484935027,3001010303310123,0.3734935941074669,Ndera,656.2840434596828,1757.1493964387712,Urban,,,,0.0,0.0
38262,33123,30.18218994140625,-1.9524418484935027,3001010303310132,0.3734935941074669,Ndera,656.2840434596828,1757.1493964387712,Urban,,,,0.0,0.0
38263,33123,30.18768310546875,-1.9524418484935027,3001010303310133,0.3734935941074669,Ndera,1189.1394440299468,3183.8282176475313,Urban,,,,0.0,0.0
38264,33123,30.19317626953125,-1.9524418484935027,3001010303311022,0.3734935941074669,Ndera,1042.1955412506763,2790.3973660945867,Urban,,,,0.0,0.0
38265,33123,30.19866943359375,-1.9524418484935027,3001010303311023,0.3734935941074669,Ndera,1042.1955412506763,2790.3973660945867,Urban,,,,0.0,0.0
38266,33123,30.20416259765625,-1.9524418484935027,3001010303311032,0.3734935941074669,Ndera,784.1433590684705,2099.4827526890476,Urban,,,,0.0,0.0
38267,33123,30.20965576171875,-1.9524418484935027,3001010303311033,0.3734935941074669,Ndera,758.0877927378885,2029.7210037818231,Urban,,,,0.0,0.0
38268,33123,30.21514892578125,-1.9524418484935027,3001010303311122,0.3734935941074669,Ndera,758.0877927378885,2029.7210037818231,Urban,,,,0.0,0.0
38269,33123,30.22064208984375,-1.9524418484935027,3001010303311123,0.3734935941074669,Ndera,1038.2296147073207,2779.778906753047,Urban,,,,0.0,0.0
38270,33123,30.22613525390625,-1.9524418484935027,3001010303311132,0.3734935941074669,Ndera,300.3824305622317,804.2505555685686,Peri-urban,,,,0.0,0.0
38271,33123,30.23162841796875,-1.9524418484935027,3001010303311133,0.3734935941074669,Rusororo,300.3824305622317,804.2505555685686,Peri-urban,,,,0.0,0.0
38272,33123,30.23712158203125,-1.9524418484935027,3001010312200022,0.3734935941074669,Rusororo,442.67526910469576,1185.22854498362,Peri-urban,,,,0.0,0.0
38273,33123,30.24261474609375,-1.9524418484935027,3001010312200023,0.3734935941074669,Rusororo,1024.6850495918302,2743.51438888934,Urban,,,,0.0,0.0
38274,33123,30.24810791015625,-1.9524418484935027,3001010312200032,0.3734935941074669,Rusororo,1024.6850495918302,2743.51438888934,Urban,,,,0.0,0.0
38277,33123,30.26458740234375,-1.9524418484935027,3001010312200123,0.3734935941074669,Rusororo,523.9217921179384,1402.7597805792302,Peri-urban,,,,0.0,0.0
38230,33124,30.00640869140625,-1.957931814530091,3001010303210310,0.3734911507162377,Kigali,391.55417719132373,1048.3626625167608,Peri-urban,,,,0.0,0.0
38231,33124,30.01190185546875,-1.957931814530091,3001010303210311,0.3734911507162377,Kigali,1495.1353265546584,4003.1345419763297,Urban,,,,0.0,0.0
38232,33124,30.01739501953125,-1.957931814530091,3001010303211200,0.3734911507162377,Kigali,2892.1965084860694,7743.681484661023,Dense core,,,,0.0,0.0
38233,33124,30.02288818359375,-1.957931814530091,3001010303211201,0.3734911507162377,Kigali,2892.1965084860694,7743.681484661023,Dense core,,,,0.0,0.0
38234,33124,30.02838134765625,-1.957931814530091,3001010303211210,0.3734911507162377,Kigali,1379.410171363873,3693.287427877746,Urban,,,,0.0,0.0
38235,33124,30.03387451171875,-1.957931814530091,3001010303211211,0.3734911507162377,Kigali,2491.4111350944313,6670.602851812404,Dense core,,,,0.0,0.0
38236,33124,30.03936767578125,-1.957931814530091,3001010303211300,0.3734911507162377,Kimisagara,2491.4111350944313,6670.602851812404,Dense core,,,,0.0,0.0
38237,33124,30.04486083984375,-1.957931814530091,3001010303211301,0.3734911507162377,Kimisagara,7604.286550686714,20360.017998027804,Dense core,12.398,1.386,13.0,1.0,1.0
38238,33124,30.05035400390625,-1.957931814530091,3001010303211310,0.3734911507162377,Kimisagara,9346.207587128574,25023.9063742354,Dense core,,,,0.0,0.0
38239,33124,30.05584716796875,-1.957931814530091,3001010303211311,0.3734911507162377,Gitega,9346.207587128574,25023.9063742354,Dense core,51.877,16.705,17.0,4.0,3.0
38240,33124,30.06134033203125,-1.957931814530091,3001010303300200,0.3734911507162377,Nyarugenge,1462.6482448002675,3916.1523425531545,Urban,58.01,14.566,51.0,5.0,3.0
38241,33124,30.06683349609375,-1.957931814530091,3001010303300201,0.3734911507162377,Nyarugenge,1414.4615676822557,3787.13542468079,Urban,69.593,7.933,19.0,1.0,1.0
38242,33124,30.07232666015625,-1.957931814530091,3001010303300210,0.3734911507162377,Gikondo,1414.4615676822557,3787.13542468079,Urban,54.919,19.862,19.0,2.0,2.0
38243,33124,30.07781982421875,-1.957931814530091,3001010303300211,0.3734911507162377,Gikondo,1846.695232063351,4944.414957414586,Urban,3.012,1.285,41.0,1.0,1.0
38244,33124,30.08331298828125,-1.957931814530091,3001010303300300,0.3734911507162377,Kimihurura,1846.695232063351,4944.414957414586,Urban,141.565,26.386,18.0,1.0,1.0
38245,33124,30.08880615234375,-1.957931814530091,3001010303300301,0.3734911507162377,Kimihurura,914.1692826680165,2447.6330454280633,Urban,,,,0.0,0.0
38246,33124,30.09429931640625,-1.957931814530091,3001010303300310,0.3734911507162377,Kimihurura,1363.167377664581,3649.798328689871,Urban,55.946,4.675,30.0,9.0,4.0
38247,33124,30.09979248046875,-1.957931814530091,3001010303300311,0.3734911507162377,Kimihurura,1363.167377664581,3649.798328689871,Urban,77.805,24.976,30.0,5.0,5.0
38248,33124,30.10528564453125,-1.957931814530091,3001010303301200,0.3734911507162377,Remera,2177.278758376192,5829.532384370717,Urban,43.185,22.777,65.0,13.0,7.0
38249,33124,30.11077880859375,-1.957931814530091,3001010303301201,0.3734911507162377,Remera,2467.255513920203,6605.927634935363,Dense core,104.328,44.033,17.0,35.0,14.0
38250,33124,30.11627197265625,-1.957931814530091,3001010303301210,0.3734911507162377,Remera,2467.255513920203,6605.927634935363,Dense core,46.683,14.36,18.0,6.0,4.0
38251,33124,30.12176513671875,-1.957931814530091,3001010303301211,0.3734911507162377,Remera,2522.563116675395,6754.010401151188,Dense core,50.746,37.515,16.0,20.0,5.0
38252,33124,30.12725830078125,-1.957931814530091,3001010303301300,0.3734911507162377,Kimironko,2488.234775087968,6662.098339723237,Dense core,,,,0.0,0.0
38253,33124,30.13275146484375,-1.957931814530091,3001010303301301,0.3734911507162377,Nyarugunga,2488.234775087968,6662.098339723237,Dense core,28.264,8.135,16.0,1.0,1.0
38254,33124,30.13824462890625,-1.957931814530091,3001010303301310,0.3734911507162377,Nyarugunga,1766.909440759124,4730.793319656306,Urban,,,,0.0,0.0
38255,33124,30.14373779296875,-1.957931814530091,3001010303301311,0.3734911507162377,Nyarugunga,612.5462651458747,1640.0556317631758,Urban,,,,0.0,0.0
38256,33124,30.14923095703125,-1.957931814530091,3001010303310200,0.3734911507162377,Nyarugunga,612.5462651458747,1640.0556317631758,Urban,33.352,15.752,15.0,9.0,3.0
38257,33124,30.15472412109375,-1.957931814530091,3001010303310201,0.3734911507162377,Ndera,804.7731512766542,2154.731510327231,Urban,,,,0.0,0.0
38258,33124,30.16021728515625,-1.957931814530091,3001010303310210,0.3734911507162377,Ndera,785.6446497752673,2103.5161027741883,Urban,,,,0.0,0.0
38259,33124,30.16571044921875,-1.957931814530091,3001010303310211,0.3734911507162377,Ndera,785.6446497752673,2103.5161027741883,Urban,,,,0.0,0.0
38260,33124,30.17120361328125,-1.957931814530091,3001010303310300,0.3734911507162377,Ndera,1491.082099908868,3992.2822724164816,Urban,,,,0.0,0.0
38261,33124,30.17669677734375,-1.957931814530091,3001010303310301,0.3734911507162377,Ndera,656.28189675446,1757.1551440935598,Urban,,,,0.0,0.0
38262,33124,30.18218994140625,-1.957931814530091,3001010303310310,0.3734911507162377,Ndera,656.28189675446,1757.1551440935598,Urban,,,,0.0,0.0
38263,33124,30.18768310546875,-1.957931814530091,3001010303310311,0.3734911507162377,Ndera,1189.1355543546142,3183.8386319842625,Urban,,,,0.0,0.0
38264,33124,30.19317626953125,-1.957931814530091,3001010303311200,0.3734911507162377,Ndera,1042.1921322288756,2790.4064935147226,Urban,,,,0.0,0.0
38265,33124,30.19866943359375,-1.957931814530091,3001010303311201,0.3734911507162377,Ndera,1042.1921322288756,2790.4064935147226,Urban,,,,0.0,0.0
38266,33124,30.20416259765625,-1.957931814530091,3001010303311210,0.3734911507162377,Ndera,784.1407941354037,2099.489620119968,Urban,,,,0.0,0.0
38267,33124,30.20965576171875,-1.957931814530091,3001010303311211,0.3734911507162377,Ndera,758.0853130325838,2029.7276430213044,Urban,,,,0.0,0.0
38268,33124,30.21514892578125,-1.957931814530091,3001010303311300,0.3734911507162377,Rusororo,758.0853130325838,2029.7276430213044,Urban,,,,0.0,0.0
38269,33124,30.22064208984375,-1.957931814530091,3001010303311301,0.3734911507162377,Rusororo,1038.2262186580663,2779.787999440087,Urban,,,,0.0,0.0
38270,33124,30.22613525390625,-1.957931814530091,3001010303311310,0.3734911507162377,Rusororo,300.3814480112479,804.2531862808837,Peri-urban,,,,0.0,0.0
38271,33124,30.23162841796875,-1.957931814530091,3001010303311311,0.3734911507162377,Rusororo,300.3814480112479,804.2531862808837,Peri-urban,,,,0.0,0.0
38272,33124,30.23712158203125,-1.957931814530091,3001010312200200,0.3734911507162377,Rusororo,442.67382111381187,1185.2324218790827,Peri-urban,,,,0.0,0.0
38230,33125,30.00640869140625,-1.963421762583797,3001010303210312,0.37348870048295163,Kigali,291.23204646670104,779.7613317086007,Peri-urban,,,,0.0,0.0
38231,33125,30.01190185546875,-1.963421762583797,3001010303210313,0.37348870048295163,Kigali,2193.026985053665,5871.7358308776165,Urban,9.17,8.67,23.0,1.0,1.0
38232,33125,30.01739501953125,-1.963421762583797,3001010303211202,0.37348870048295163,Kigali,1877.3197389781192,5026.443200425047,Urban,37.51,6.885,49.0,20.0,4.0
38233,33125,30.02288818359375,-1.963421762583797,3001010303211203,0.37348870048295163,Kigali,1877.3197389781192,5026.443200425047,Urban,12.741,2.44,14.0,6.0,1.0
38234,33125,30.02838134765625,-1.963421762583797,3001010303211212,0.37348870048295163,Kigali,1606.2403220192068,4300.639671139196,Urban,20.956,2.567,37.0,23.0,3.0
38235,33125,30.03387451171875,-1.963421762583797,3001010303211213,0.37348870048295163,Kigali,575.0696710689019,1539.724415558729,Urban,20.115,6.465,40.0,10.0,1.0
38236,33125,30.03936767578125,-1.963421762583797,3001010303211302,0.37348870048295163,Kigali,575.0696710689019,1539.724415558729,Urban,,,,0.0,0.0
38237,33125,30.04486083984375,-1.963421762583797,3001010303211303,0.37348870048295163,Nyakabanda,4701.481986042386,12588.016665465335,Dense core,,,,0.0,0.0
38238,33125,30.05035400390625,-1.963421762583797,3001010303211312,0.37348870048295163,Nyakabanda,8476.972782608902,22696.73157888707,Dense core,41.372,13.319,18.0,16.0,2.0
38239,33125,30.05584716796875,-1.963421762583797,3001010303211313,0.37348870048295163,Rwezamenyo,8476.972782608902,22696.73157888707,Dense core,23.009,10.634,21.0,9.0,2.0
38240,33125,30.06134033203125,-1.963421762583797,3001010303300202,0.37348870048295163,Nyarugenge,2562.9309227858025,6862.137782138313,Dense core,27.64,19.007,20.0,9.0,4.0
38241,33125,30.06683349609375,-1.963421762583797,3001010303300203,0.37348870048295163,Nyarugenge,1951.7290209725527,5225.670866210427,Urban,38.815,11.98,70.0,3.0,3.0
38242,33125,30.07232666015625,-1.963421762583797,3001010303300212,0.37348870048295163,Kigarama,1951.7290209725527,5225.670866210427,Urban,25.288,4.189,34.0,2.0,1.0
38243,33125,30.07781982421875,-1.963421762583797,3001010303300213,0.37348870048295163,Gikondo,2491.8030218995304,6671.695873737074,Dense core,,,,0.0,0.0
38244,33125,30.08331298828125,-1.963421762583797,3001010303300302,0.37348870048295163,Gikondo,2491.8030218995304,6671.695873737074,Dense core,,,,0.0,0.0
38245,33125,30.08880615234375,-1.963421762583797,3001010303300303,0.37348870048295163,Kimihurura,1439.5013952410554,3854.203335682342,Urban,,,,0.0,0.0
38246,33125,30.09429931640625,-1.963421762583797,3001010303300312,0.37348870048295163,Kimihurura,1915.3212959649768,5128.190741750175,Urban,42.047,11.036,17.0,15.0,3.0
38247,33125,30.09979248046875,-1.963421762583797,3001010303300313,0.37348870048295163,Remera,1915.3212959649768,5128.190741750175,Urban,47.473,15.897,19.0,36.0,5.0
38248,33125,30.10528564453125,-1.963421762583797,3001010303301202,0.37348870048295163,Remera,2878.6309105855253,7707.410978868219,Dense core,151.95,29.69,17.0,4.0,3.0
38249,33125,30.11077880859375,-1.963421762583797,3001010303301203,0.37348870048295163,Niboye,2849.1228171839466,7628.404322539869,Dense core,14.824,3.772,17.0,5.0,1.0
38250,33125,30.11627197265625,-1.963421762583797,3001010303301212,0.37348870048295163,Niboye,2849.1228171839466,7628.404322539869,Dense core,20.827,5.679,15.0,2.0,2.0
38251,33125,30.12176513671875,-1.963421762583797,3001010303301213,0.37348870048295163,Nyarugunga,2696.1687438054946,7218.8763416915335,Dense core,91.202,20.056,35.0,29.0,10.0
38252,33125,30.12725830078125,-1.963421762583797,3001010303301302,0.37348870048295163,Nyarugunga,1541.7477661074897,4127.9636147328765,Urban,7.641,2.183,15.0,1.0,1.0
38253,33125,30.13275146484375,-1.963421762583797,3001010303301303,0.37348870048295163,Nyarugunga,1541.7477661074897,4127.9636147328765,Urban,43.45,13.179,19.0,3.0,3.0
38254,33125,30.13824462890625,-1.963421762583797,3001010303301312,0.37348870048295163,Nyarugunga,2010.5944918130292,5383.28064333182,Urban,85.788,31.2,15.0,2.0,2.0
38255,33125,30.14373779296875,-1.963421762583797,3001010303301313,0.37348870048295163,Nyarugunga,2127.760568851981,5696.98779668732,Urban,,,,0.0,0.0
38256,33125,30.14923095703125,-1.963421762583797,3001010303310202,0.37348870048295163,Nyarugunga,2127.760568851981,5696.98779668732,Urban,11.442,9.462,7.0,1.0,1.0
38257,33125,30.15472412109375,-1.963421762583797,3001010303310203,0.37348870048295163,Nyarugunga,1675.237065036584,4485.37549561838,Urban,,,,0.0,0.0
38258,33125,30.16021728515625,-1.963421762583797,3001010303310212,0.37348870048295163,Ndera,606.617339976783,1624.1919479555254,Urban,,,,0.0,0.0
38259,33125,30.16571044921875,-1.963421762583797,3001010303310213,0.37348870048295163,Ndera,606.617339976783,1624.1919479555254,Urban,,,,0.0,0.0
38260,33125,30.17120361328125,-1.963421762583797,3001010303310302,0.37348870048295163,Ndera,2152.023277099136,5761.950158910813,Urban,,,,0.0,0.0
38261,33125,30.17669677734375,-1.963421762583797,3001010303310303,0.37348870048295163,Ndera,976.0144792735045,2613.236968110247,Urban,,,,0.0,0.0
38262,33125,30.18218994140625,-1.963421762583797,3001010303310312,0.37348870048295163,Ndera,976.0144792735045,2613.236968110247,Urban,,,,0.0,0.0
38263,33125,30.18768310546875,-1.963421762583797,3001010303310313,0.37348870048295163,Ndera,1746.5700122148594,4676.366406684862,Urban,10.144,1.024,18.0,1.0,1.0
38264,33125,30.19317626953125,-1.963421762583797,3001010303311202,0.37348870048295163,Ndera,1076.4547135928306,2882.161393907998,Urban,,,,0.0,0.0
38265,33125,30.19866943359375,-1.963421762583797,3001010303311203,0.37348870048295163,Ndera,1076.4547135928306,2882.161393907998,Urban,,,,0.0,0.0
38266,33125,30.20416259765625,-1.963421762583797,3001010303311212,0.37348870048295163,Ndera,1041.8914445591352,2789.619721324591,Urban,,,,0.0,0.0
38267,33125,30.20965576171875,-1.963421762583797,3001010303311213,0.37348870048295163,Ndera,438.27831028251774,1173.471405468995,Peri-urban,,,,0.0,0.0
38268,33125,30.21514892578125,-1.963421762583797,3001010303311302,0.37348870048295163,Rusororo,438.27831028251774,1173.471405468995,Peri-urban,,,,0.0,0.0
38269,33125,30.22064208984375,-1.963421762583797,3001010303311303,0.37348870048295163,Rusororo,853.0094929225618,2283.896385137088,Urban,,,,0.0,0.0
38270,33125,30.22613525390625,-1.963421762583797,3001010303311312,0.37348870048295163,Rusororo,1158.4654384217492,3101.7415973328193,Urban,,,,0.0,0.0
38271,33125,30.23162841796875,-1.963421762583797,3001010303311313,0.37348870048295163,Rusororo,1158.4654384217492,3101.7415973328193,Urban,,,,0.0,0.0
38230,33126,30.00640869140625,-1.9689116926042771,3001010303210330,0.3734862434077889,Kigali,130.9725546393317,350.67571283028497,Peri-urban,,,,0.0,0.0
38231,33126,30.01190185546875,-1.9689116926042771,3001010303210331,0.3734862434077889,Kigali,607.6795324150361,1627.046626591664,Urban,,,,0.0,0.0
38232,33126,30.01739501953125,-1.9689116926042771,3001010303211220,0.3734862434077889,Kigali,391.61468761194715,1048.5384522834079,Peri-urban,,,,0.0,0.0
38233,33126,30.02288818359375,-1.9689116926042771,3001010303211221,0.3734862434077889,Kigali,391.61468761194715,1048.5384522834079,Peri-urban,,,,0.0,0.0
38234,33126,30.02838134765625,-1.9689116926042771,3001010303211230,0.3734862434077889,Kigali,1383.491881429524,3704.264630488588,Urban,,,,0.0,0.0
38235,33126,30.03387451171875,-1.9689116926042771,3001010303211231,0.3734862434077889,Kigali,727.7899395632475,1948.6392133822558,Urban,,,,0.0,0.0
38236,33126,30.03936767578125,-1.9689116926042771,3001010303211320,0.3734862434077889,Nyakabanda,727.7899395632475,1948.6392133822558,Urban,,,,0.0,0.0
38237,33126,30.04486083984375,-1.9689116926042771,3001010303211321,0.3734862434077889,Nyakabanda,5872.500935694766,15723.473191709789,Dense core,,,,0.0,0.0
38238,33126,30.05035400390625,-1.9689116926042771,3001010303211330,0.3734862434077889,Nyakabanda,5868.333845164594,15712.315911880283,Dense core,169.122,40.656,19.0,1.0,1.0
38239,33126,30.05584716796875,-1.9689116926042771,3001010303211331,0.3734862434077889,Rwezamenyo,5868.333845164594,15712.315911880283,Dense core,43.156,21.013,14.0,1.0,1.0
38240,33126,30.06134033203125,-1.9689116926042771,3001010303300220,0.3734862434077889,Nyarugenge,2537.076497624797,6792.958354974011,Dense core,19.077,3.773,24.0,4.0,2.0
38241,33126,30.06683349609375,-1.9689116926042771,3001010303300221,0.3734862434077889,Nyarugenge,3922.0416974607747,10501.16775834904,Dense core,7.773,1.689,13.0,2.0,2.0
38242,33126,30.07232666015625,-1.9689116926042771,3001010303300230,0.3734862434077889,Kigarama,3922.0416974607747,10501.16775834904,Dense core,46.832,14.56,125.0,2.0,2.0
38243,33126,30.07781982421875,-1.9689116926042771,3001010303300231,0.3734862434077889,Gikondo,3295.7032273283053,8824.16229646753,Dense core,139.729,14.601,15.0,1.0,1.0
38244,33126,30.08331298828125,-1.9689116926042771,3001010303300320,0.3734862434077889,Gikondo,3295.7032273283053,8824.16229646753,Dense core,0.933,0.871,45.0,1.0,1.0
38245,33126,30.08880615234375,-1.9689116926042771,3001010303300321,0.3734862434077889,Kicukiro,2394.6125957785994,6411.514849729163,Dense core,35.053,16.816,14.0,3.0,3.0
38246,33126,30.09429931640625,-1.9689116926042771,3001010303300330,0.3734862434077889,Kicukiro,2928.0531261840615,7839.788420231272,Dense core,36.421,6.799,35.0,15.0,1.0
38247,33126,30.09979248046875,-1.9689116926042771,3001010303300331,0.3734862434077889,Kicukiro,2928.0531261840615,7839.788420231272,Dense core,54.314,13.699,15.0,8.0,7.0
38248,33126,30.10528564453125,-1.9689116926042771,3001010303301220,0.3734862434077889,Niboye,2797.647742559545,7490.631293493047,Dense core,86.073,24.746,13.0,18.0,3.0
38249,33126,30.11077880859375,-1.9689116926042771,3001010303301221,0.3734862434077889,Niboye,2370.090378094137,6345.857230158721,Dense core,44.42,17.697,16.0,2.0,2.0
38250,33126,30.11627197265625,-1.9689116926042771,3001010303301230,0.3734862434077889,Kanombe,2370.090378094137,6345.857230158721,Dense core,23.216,18.304,14.0,2.0,1.0
38251,33126,30.12176513671875,-1.9689116926042771,3001010303301231,0.3734862434077889,Kanombe,3324.6329117692176,8901.620797152722,Dense core,5.944,5.194,30.0,1.0,1.0
38252,33126,30.12725830078125,-1.9689116926042771,3001010303301320,0.3734862434077889,Kanombe,2457.4276429169495,6579.700554683672,Dense core,,,,0.0,0.0
38253,33126,30.13275146484375,-1.9689116926042771,3001010303301321,0.3734862434077889,Nyarugunga,2457.4276429169495,6579.700554683672,Dense core,,,,0.0,0.0
38254,33126,30.13824462890625,-1.9689116926042771,3001010303301330,0.3734862434077889,Nyarugunga,1460.720749546695,3911.0429776976152,Urban,,,,0.0,0.0
38255,33126,30.14373779296875,-1.9689116926042771,3001010303301331,0.3734862434077889,Nyarugunga,927.6625582364956,2483.793110483141,Urban,,,,0.0,0.0
38256,33126,30.14923095703125,-1.9689116926042771,3001010303310220,0.3734862434077889,Nyarugunga,927.6625582364956,2483.793110483141,Urban,156.134,18.987,18.0,1.0,1.0
38257,33126,30.15472412109375,-1.9689116926042771,3001010303310221,0.3734862434077889,Nyarugunga,1101.6668737059172,2949.685277974397,Urban,50.532,3.411,18.0,1.0,1.0
38258,33126,30.16021728515625,-1.9689116926042771,3001010303310230,0.3734862434077889,Nyarugunga,2168.8335680787977,5806.99719563906,Urban,115.211,27.016,25.0,1.0,1.0
38259,33126,30.16571044921875,-1.9689116926042771,3001010303310231,0.3734862434077889,Nyarugunga,2168.8335680787977,5806.99719563906,Urban,72.137,5.813,21.0,1.0,1.0
38260,33126,30.17120361328125,-1.9689116926042771,3001010303310320,0.3734862434077889,Nyarugunga,2153.537442532292,5766.042205150148,Urban,,,,0.0,0.0
38261,33126,30.17669677734375,-1.9689116926042771,3001010303310321,0.3734862434077889,Ndera,1442.1409054276955,3861.295913523385,Urban,20.379,3.885,15.0,2.0,1.0
38262,33126,30.18218994140625,-1.9689116926042771,3001010303310330,0.3734862434077889,Ndera,1442.1409054276955,3861.295913523385,Urban,,,,0.0,0.0
38263,33126,30.18768310546875,-1.9689116926042771,3001010303310331,0.3734862434077889,Ndera,1620.1144173227042,4337.815504368634,Urban,,,,0.0,0.0
38264,33126,30.19317626953125,-1.9689116926042771,3001010303311220,0.3734862434077889,Ndera,621.4626860168718,1663.950672845348,Urban,,,,0.0,0.0
38265,33126,30.19866943359375,-1.9689116926042771,3001010303311221,0.3734862434077889,Rusororo,621.4626860168718,1663.950672845348,Urban,,,,0.0,0.0
38266,33126,30.20416259765625,-1.9689116926042771,3001010303311230,0.3734862434077889,Rusororo,509.76550015793595,1364.8842739338897,Peri-urban,,,,0.0,0.0
38267,33126,30.20965576171875,-1.9689116926042771,3001010303311231,0.3734862434077889,Rusororo,962.7166062365674,2577.649440184148,Urban,,,,0.0,0.0
38268,33126,30.21514892578125,-1.9689116926042771,3001010303311320,0.3734862434077889,Rusororo,962.7166062365674,2577.649440184148,Urban,,,,0.0,0.0
38269,33126,30.22064208984375,-1.9689116926042771,3001010303311321,0.3734862434077889,Rusororo,1447.3097414656952,3875.1353416930488,Urban,,,,0.0,0.0
38270,33126,30.22613525390625,-1.9689116926042771,3001010303311330,0.3734862434077889,Rusororo,827.7584840776407,2216.3024708084286,Urban,,,,0.0,0.0
38271,33126,30.23162841796875,-1.9689116926042771,3001010303311331,0.3734862434077889,Rusororo,827.7584840776407,2216.3024708084286,Urban,,,,0.0,0.0
38229,33127,30.00091552734375,-1.974401604541188,3001010303210323,0.37348377949092976,Kigali,130.97212262071872,350.67686955304424,Peri-urban,,,,0.0,0.0
38230,33127,30.00640869140625,-1.974401604541188,3001010303210332,0.37348377949092976,Kigali,130.97212262071872,350.67686955304424,Peri-urban,,,,0.0,0.0
38231,33127,30.01190185546875,-1.974401604541188,3001010303210333,0.37348377949092976,Kigali,607.6775279579233,1627.0519934927484,Urban,,,,0.0,0.0
38232,33127,30.01739501953125,-1.974401604541188,3001010303211222,0.37348377949092976,Kigali,391.6133958540317,1048.541910944066,Peri-urban,,,,0.0,0.0
38233,33127,30.02288818359375,-1.974401604541188,3001010303211223,0.37348377949092976,Kigali,391.6133958540317,1048.541910944066,Peri-urban,,,,0.0,0.0
38234,33127,30.02838134765625,-1.974401604541188,3001010303211232,0.37348377949092976,Kigali,1383.4873179219605,3704.276849205333,Urban,8.664,2.807,33.0,16.0,1.0
38235,33127,30.03387451171875,-1.974401604541188,3001010303211233,0.37348377949092976,Kigali,727.7875389167831,1948.6456410738388,Urban,,,,0.0,0.0
38236,33127,30.03936767578125,-1.974401604541188,3001010303211322,0.37348377949092976,Nyakabanda,727.7875389167831,1948.6456410738388,Urban,,,,0.0,0.0
38237,33127,30.04486083984375,-1.974401604541188,3001010303211323,0.37348377949092976,Nyakabanda,5872.481564997478,15723.525056434464,Dense core,33.297,10.375,101.0,2.0,2.0
38238,33127,30.05035400390625,-1.974401604541188,3001010303211332,0.37348377949092976,Rwezamenyo,5868.314488212635,15712.367739802072,Dense core,,,,0.0,0.0
38239,33127,30.05584716796875,-1.974401604541188,3001010303211333,0.37348377949092976,Nyamirambo,5868.314488212635,15712.367739802072,Dense core,77.061,52.134,14.0,3.0,1.0
38240,33127,30.06134033203125,-1.974401604541188,3001010303300222,0.37348377949092976,Nyamirambo,2537.068128968688,6792.980761913656,Dense core,49.442,15.269,25.0,15.0,1.0
38241,33127,30.06683349609375,-1.974401604541188,3001010303300223,0.37348377949092976,Kigarama,3922.0287604372984,10501.202397017478,Dense core,,,,0.0,0.0
38242,33127,30.07232666015625,-1.974401604541188,3001010303300232,0.37348377949092976,Kigarama,3922.0287604372984,10501.202397017478,Dense core,188.253,40.47,52.0,1.0,1.0
38243,33127,30.07781982421875,-1.974401604541188,3001010303300233,0.37348377949092976,Gikondo,3295.692356309251,8824.191403442966,Dense core,125.136,7.107,14.0,1.0,1.0
38244,33127,30.08331298828125,-1.974401604541188,3001010303300322,0.37348377949092976,Gikondo,3295.692356309251,8824.191403442966,Dense core,,,,0.0,0.0
38245,33127,30.08880615234375,-1.974401604541188,3001010303300323,0.37348377949092976,Gatenga,2394.604697045807,6411.535998456825,Dense core,81.984,4.539,242.0,1.0,1.0
38246,33127,30.09429931640625,-1.974401604541188,3001010303300332,0.37348377949092976,Kicukiro,2928.0434678747024,7839.814280196368,Dense core,6.602,6.236,18.0,2.0,1.0
38247,33127,30.09979248046875,-1.974401604541188,3001010303300333,0.37348377949092976,Kicukiro,2928.0434678747024,7839.814280196368,Dense core,,,,0.0,0.0
38248,33127,30.10528564453125,-1.974401604541188,3001010303301222,0.37348377949092976,Niboye,2797.638514397961,7490.656001744523,Dense core,65.245,14.355,16.0,5.0,5.0
38249,33127,30.11077880859375,-1.974401604541188,3001010303301223,0.37348377949092976,Niboye,2370.0825602489363,6345.878162311183,Dense core,,,,0.0,0.0
38250,33127,30.11627197265625,-1.974401604541188,3001010303301232,0.37348377949092976,Niboye,2370.0825602489363,6345.878162311183,Dense core,74.146,19.635,15.0,2.0,2.0
38251,33127,30.12176513671875,-1.974401604541188,3001010303301233,0.37348377949092976,Kanombe,3324.621945324353,8901.650159629204,Dense core,,,,0.0,0.0
38252,33127,30.12725830078125,-1.974401604541188,3001010303301322,0.37348377949092976,Kanombe,2457.419536986018,6579.722258180955,Dense core,65.449,29.891,25.0,2.0,1.0
38253,33127,30.13275146484375,-1.974401604541188,3001010303301323,0.37348377949092976,Kanombe,2457.419536986018,6579.722258180955,Dense core,,,,0.0,0.0
38254,33127,30.13824462890625,-1.974401604541188,3001010303301332,0.37348377949092976,Kanombe,1460.7159312963838,3911.0558784838954,Urban,31.735,13.146,22.0,3.0,3.0
38255,33127,30.14373779296875,-1.974401604541188,3001010303301333,0.37348377949092976,Kanombe,927.6594983015892,2483.801303408728,Urban,,,,0.0,0.0
38256,33127,30.14923095703125,-1.974401604541188,3001010303310222,0.37348377949092976,Kanombe,927.6594983015892,2483.801303408728,Urban,78.629,11.486,22.0,2.0,2.0
38257,33127,30.15472412109375,-1.974401604541188,3001010303310223,0.37348377949092976,Nyarugunga,1101.663239810281,2949.6950076704347,Urban,,,,0.0,0.0
38258,33127,30.16021728515625,-1.974401604541188,3001010303310232,0.37348377949092976,Nyarugunga,2168.826414087853,5807.016350332623,Urban,,,,0.0,0.0
38259,33127,30.16571044921875,-1.974401604541188,3001010303310233,0.37348377949092976,Nyarugunga,2168.826414087853,5807.016350332623,Urban,,,,0.0,0.0
38260,33127,30.17120361328125,-1.974401604541188,3001010303310322,0.37348377949092976,Nyarugunga,2153.530338996277,5766.061224751466,Urban,49.876,8.73,8.0,1.0,1.0
38261,33127,30.17669677734375,-1.974401604541188,3001010303310323,0.37348377949092976,Nyarugunga,1442.1361484638003,3861.3086502162896,Urban,47.003,10.853,17.0,7.0,3.0
38262,33127,30.18218994140625,-1.974401604541188,3001010303310332,0.37348377949092976,Ndera,1442.1361484638003,3861.3086502162896,Urban,45.35,27.795,16.0,1.0,1.0
38263,33127,30.18768310546875,-1.974401604541188,3001010303310333,0.37348377949092976,Ndera,1620.1090733055141,4337.82981288712,Urban,,,,0.0,0.0
38264,33127,30.19317626953125,-1.974401604541188,3001010303311222,0.37348377949092976,Rusororo,621.4606360954332,1663.95616147642,Urban,,,,0.0,0.0
38265,33127,30.19866943359375,-1.974401604541188,3001010303311223,0.37348377949092976,Rusororo,621.4606360954332,1663.95616147642,Urban,,,,0.0,0.0
38266,33127,30.20416259765625,-1.974401604541188,3001010303311232,0.37348377949092976,Rusororo,509.7638186744761,1364.8887760783089,Peri-urban,,,,0.0,0.0
38267,33127,30.20965576171875,-1.974401604541188,3001010303311233,0.37348377949092976,Rusororo,962.7134306743739,2577.657942699902,Urban,,,,0.0,0.0
38268,33127,30.21514892578125,-1.974401604541188,3001010303311322,0.37348377949092976,Rusororo,962.7134306743739,2577.657942699902,Urban,,,,0.0,0.0
38269,33127,30.22064208984375,-1.974401604541188,3001010303311323,0.37348377949092976,Rusororo,1447.304967452172,3875.1481240360545,Urban,,,,0.0,0.0
38270,33127,30.22613525390625,-1.974401604541188,3001010303311332,0.37348377949092976,Rusororo,827.7557536806263,2216.3097814017083,Urban,,,,0.0,0.0
38271,33127,30.23162841796875,-1.974401604541188,3001010303311333,0.37348377949092976,Rusororo,827.7557536806263,2216.3097814017083,Urban,23.911,16.801,20.0,2.0,1.0
38229,33128,30.00091552734375,-1.979891498344187,3001010303212101,0.373481308732555,Kigali,541.8748286160305,1450.8753609516239,Peri-urban,,,,0.0,0.0
38230,33128,30.00640869140625,-1.979891498344187,3001010303212110,0.373481308732555,Kigali,541.8748286160305,1450.8753609516239,Peri-urban,,,,0.0,0.0
38231,33128,30.01190185546875,-1.979891498344187,3001010303212111,0.373481308732555,Kigali,993.0780381210141,2658.9765401945297,Urban,,,,0.0,0.0
38232,33128,30.01739501953125,-1.979891498344187,3001010303213000,0.373481308732555,Kigali,472.9215704185138,1266.2523113229388,Peri-urban,,,,0.0,0.0
38233,33128,30.02288818359375,-1.979891498344187,3001010303213001,0.373481308732555,Kigali,472.9215704185138,1266.2523113229388,Peri-urban,,,,0.0,0.0
38234,33128,30.02838134765625,-1.979891498344187,3001010303213010,0.373481308732555,Kigali,759.8127039065259,2034.4062370484455,Urban,,,,0.0,0.0
38235,33128,30.03387451171875,-1.979891498344187,3001010303213011,0.373481308732555,Kigali,3836.471022079679,10272.190153502233,Dense core,18.759,0.972,17.0,4.0,1.0
38236,33128,30.03936767578125,-1.979891498344187,3001010303213100,0.373481308732555,Nyamirambo,3836.471022079679,10272.190153502233,Dense core,27.024,2.351,56.0,2.0,2.0
38237,33128,30.04486083984375,-1.979891498344187,3001010303213101,0.373481308732555,Nyamirambo,4766.401084342185,12762.087346532626,Dense core,75.247,20.317,18.0,9.0,5.0
38238,33128,30.05035400390625,-1.979891498344187,3001010303213110,0.373481308732555,Nyamirambo,4177.701393598918,11185.83794133193,Dense core,29.059,1.165,23.0,1.0,1.0
38239,33128,30.05584716796875,-1.979891498344187,3001010303213111,0.373481308732555,Nyamirambo,4177.701393598918,11185.83794133193,Dense core,40.711,22.938,16.0,23.0,2.0
38240,33128,30.06134033203125,-1.979891498344187,3001010303302000,0.373481308732555,Kigarama,3685.0230452665264,9866.686656347032,Dense core,,,,0.0,0.0
38241,33128,30.06683349609375,-1.979891498344187,3001010303302001,0.373481308732555,Kigarama,4360.347692915272,11674.875264072878,Dense core,13.452,2.958,56.0,23.0,2.0
38242,33128,30.07232666015625,-1.979891498344187,3001010303302010,0.373481308732555,Kigarama,4360.347692915272,11674.875264072878,Dense core,87.541,14.826,18.0,5.0,1.0
38243,33128,30.07781982421875,-1.979891498344187,3001010303302011,0.373481308732555,Gikondo,3497.774404185567,9365.32651675556,Dense core,6.813,5.895,18.0,2.0,1.0
38244,33128,30.08331298828125,-1.979891498344187,3001010303302100,0.373481308732555,Gatenga,3497.774404185567,9365.32651675556,Dense core,14.554,5.666,17.0,3.0,2.0
38245,33128,30.08880615234375,-1.979891498344187,3001010303302101,0.373481308732555,Gatenga,3536.820766500086,9469.87354869948,Dense core,,,,0.0,0.0
38246,33128,30.09429931640625,-1.979891498344187,3001010303302110,0.373481308732555,Gatenga,4577.8201358743845,12257.159940372012,Dense core,22.679,12.49,23.0,4.0,3.0
38247,33128,30.09979248046875,-1.979891498344187,3001010303302111,0.373481308732555,Gatenga,4577.8201358743845,12257.159940372012,Dense core,27.024,11.935,15.0,6.0,4.0
38248,33128,30.10528564453125,-1.979891498344187,3001010303303000,0.373481308732555,Niboye,2717.2047311803863,7275.3432839824945,Dense core,37.459,25.342,17.0,4.0,3.0
38249,33128,30.11077880859375,-1.979891498344187,3001010303303001,0.373481308732555,Niboye,2377.083797489927,6364.6660272151,Dense core,,,,0.0,0.0
38250,33128,30.11627197265625,-1.979891498344187,3001010303303010,0.373481308732555,Niboye,2377.083797489927,6364.6660272151,Dense core,25.174,9.767,16.0,4.0,4.0
38251,33128,30.12176513671875,-1.979891498344187,3001010303303011,0.373481308732555,Niboye,1738.9221149564696,4655.981636290368,Urban,14.498,11.576,24.0,7.0,2.0
38252,33128,30.12725830078125,-1.979891498344187,3001010303303100,0.373481308732555,Kanombe,1785.075112891552,4779.5567573364715,Urban,,,,0.0,0.0
38253,33128,30.13275146484375,-1.979891498344187,3001010303303101,0.373481308732555,Kanombe,1785.075112891552,4779.5567573364715,Urban,21.677,30.287,19.0,7.0,2.0
38254,33128,30.13824462890625,-1.979891498344187,3001010303303110,0.373481308732555,Kanombe,2444.944589247425,6546.363986847378,Dense core,173.15,25.401,16.0,1.0,1.0
38255,33128,30.14373779296875,-1.979891498344187,3001010303303111,0.373481308732555,Kanombe,1640.581242676707,4392.6729512761385,Urban,,,,0.0,0.0
38256,33128,30.14923095703125,-1.979891498344187,3001010303312000,0.373481308732555,Kanombe,1640.581242676707,4392.6729512761385,Urban,10.728,30.899,16.0,1.0,1.0
38257,33128,30.15472412109375,-1.979891498344187,3001010303312001,0.373481308732555,Nyarugunga,2033.745771615572,5445.374973428484,Urban,,,,0.0,0.0
38258,33128,30.16021728515625,-1.979891498344187,3001010303312010,0.373481308732555,Nyarugunga,1130.0944638816245,3025.839412731817,Urban,,,,0.0,0.0
38259,33128,30.16571044921875,-1.979891498344187,3001010303312011,0.373481308732555,Nyarugunga,1130.0944638816245,3025.839412731817,Urban,,,,0.0,0.0
38260,33128,30.17120361328125,-1.979891498344187,3001010303312100,0.373481308732555,Nyarugunga,1508.9465617041528,4040.2197551061104,Urban,,,,0.0,0.0
38261,33128,30.17669677734375,-1.979891498344187,3001010303312101,0.373481308732555,Nyarugunga,1670.722749330116,4473.377141683142,Urban,,,,0.0,0.0
38262,33128,30.18218994140625,-1.979891498344187,3001010303312110,0.373481308732555,Nyarugunga,1670.722749330116,4473.377141683142,Urban,,,,0.0,0.0
38263,33128,30.18768310546875,-1.979891498344187,3001010303312111,0.373481308732555,Rusororo,791.0879313506199,2118.145976395053,Urban,,,,0.0,0.0
38264,33128,30.19317626953125,-1.979891498344187,3001010303313000,0.373481308732555,Rusororo,810.2823585620799,2169.539250335851,Urban,,,,0.0,0.0
38265,33128,30.19866943359375,-1.979891498344187,3001010303313001,0.373481308732555,Rusororo,810.2823585620799,2169.539250335851,Urban,57.817,4.662,19.0,12.0,2.0
38266,33128,30.20416259765625,-1.979891498344187,3001010303313010,0.373481308732555,Rusororo,795.5387047376166,2130.0629673740686,Urban,160.333,24.33,18.0,1.0,1.0
38267,33128,30.20965576171875,-1.979891498344187,3001010303313011,0.373481308732555,Rusororo,1057.452436978625,2831.3396474034867,Urban,,,,0.0,0.0
38268,33128,30.21514892578125,-1.979891498344187,3001010303313100,0.373481308732555,Rusororo,1057.452436978625,2831.3396474034867,Urban,,,,0.0,0.0
38269,33128,30.22064208984375,-1.979891498344187,3001010303313101,0.373481308732555,Rusororo,2014.025658305715,5392.57416961643,Urban,,,,0.0,0.0
38270,33128,30.22613525390625,-1.979891498344187,3001010303313110,0.373481308732555,Rusororo,1669.847922271748,4471.034783343078,Urban,34.361,11.701,19.0,13.0,4.0
38271,33128,30.23162841796875,-1.979891498344187,3001010303313111,0.373481308732555,Rusororo,1669.847922271748,4471.034783343078,Urban,,,,0.0,0.0
38228,33129,29.99542236328125,-1.9853813739629322,3001010303212102,0.37347883113284597,Kigali,63.36547177366461,169.66282019642927,Rural,,,,0.0,0.0
38229,33129,30.00091552734375,-1.9853813739629322,3001010303212103,0.37347883113284597,Kigali,568.3808116216147,1521.8554955245706,Urban,,,,0.0,0.0
38230,33129,30.00640869140625,-1.9853813739629322,3001010303212112,0.37347883113284597,Kigali,568.3808116216147,1521.8554955245706,Urban,,,,0.0,0.0
38231,33129,30.01190185546875,-1.9853813739629322,3001010303212113,0.37347883113284597,Kigali,1142.3761456278005,3058.7440315230574,Urban,,,,0.0,0.0
38232,33129,30.01739501953125,-1.9853813739629322,3001010303213002,0.37347883113284597,Kigali,459.64393679931226,1230.7094766391658,Peri-urban,,,,0.0,0.0
38233,33129,30.02288818359375,-1.9853813739629322,3001010303213003,0.37347883113284597,Kigali,459.64393679931226,1230.7094766391658,Peri-urban,,,,0.0,0.0
38234,33129,30.02838134765625,-1.9853813739629322,3001010303213012,0.37347883113284597,Kigali,386.09466487668817,1033.7792471545858,Peri-urban,,,,0.0,0.0
38235,33129,30.03387451171875,-1.9853813739629322,3001010303213013,0.37347883113284597,Nyamirambo,2489.632991995165,6666.061860704511,Dense core,,,,0.0,0.0
38236,33129,30.03936767578125,-1.9853813739629322,3001010303213102,0.37347883113284597,Nyamirambo,2489.632991995165,6666.061860704511,Dense core,7.733,11.108,18.0,1.0,1.0
38237,33129,30.04486083984375,-1.9853813739629322,3001010303213103,0.37347883113284597,Nyamirambo,4117.953142743691,11025.93453624401,Dense core,64.703,7.531,26.0,3.0,1.0
38238,33129,30.05035400390625,-1.9853813739629322,3001010303213112,0.37347883113284597,Nyamirambo,4182.03902890148,11197.52628607198,Dense core,3.038,1.54,17.0,2.0,1.0
38239,33129,30.05584716796875,-1.9853813739629322,3001010303213113,0.37347883113284597,Nyamirambo,4182.03902890148,11197.52628607198,Dense core,,,,0.0,0.0
38240,33129,30.06134033203125,-1.9853813739629322,3001010303302002,0.37347883113284597,Kigarama,2159.4812291988205,5782.071296112351,Urban,10.954,3.249,25.0,17.0,1.0
38241,33129,30.06683349609375,-1.9853813739629322,3001010303302003,0.37347883113284597,Kigarama,2054.5048921113903,5500.994222027554,Urban,,,,0.0,0.0
38242,33129,30.07232666015625,-1.9853813739629322,3001010303302012,0.37347883113284597,Kigarama,2054.5048921113903,5500.994222027554,Urban,72.415,9.612,22.0,5.0,3.0
38243,33129,30.07781982421875,-1.9853813739629322,3001010303302013,0.37347883113284597,Gikondo,2436.5409001866465,6523.9063022556475,Dense core,0.31,0.854,54.0,10.0,1.0
38244,33129,30.08331298828125,-1.9853813739629322,3001010303302102,0.37347883113284597,Gatenga,2436.5409001866465,6523.9063022556475,Dense core,10.309,2.076,321.0,4.0,1.0
38245,33129,30.08880615234375,-1.9853813739629322,3001010303302103,0.37347883113284597,Gatenga,3536.717881001853,9469.660891553574,Dense core,,,,0.0,0.0
38246,33129,30.09429931640625,-1.9853813739629322,3001010303302112,0.37347883113284597,Gatenga,3324.267539029822,8900.819168108043,Dense core,41.116,17.195,18.0,1.0,1.0
38247,33129,30.09979248046875,-1.9853813739629322,3001010303302113,0.37347883113284597,Gatenga,3324.267539029822,8900.819168108043,Dense core,,,,0.0,0.0
38248,33129,30.10528564453125,-1.9853813739629322,3001010303303002,0.37347883113284597,Kagarama,2563.602597925706,6864.117546233392,Dense core,43.303,32.992,19.0,4.0,2.0
38249,33129,30.11077880859375,-1.9853813739629322,3001010303303003,0.37347883113284597,Kagarama,2396.9509443185752,6417.903089843351,Dense core,57.805,19.303,24.0,9.0,2.0
38250,33129,30.11627197265625,-1.9853813739629322,3001010303303012,0.37347883113284597,Niboye,2396.9509443185752,6417.903089843351,Dense core,,,,0.0,0.0
38251,33129,30.12176513671875,-1.9853813739629322,3001010303303013,0.37347883113284597,Niboye,1093.1905556871727,2927.0482409171036,Urban,,,,0.0,0.0
38252,33129,30.12725830078125,-1.9853813739629322,3001010303303102,0.37347883113284597,Kanombe,1263.458810917018,3382.9462491479394,Urban,,,,0.0,0.0
38253,33129,30.13275146484375,-1.9853813739629322,3001010303303103,0.37347883113284597,Kanombe,1263.458810917018,3382.9462491479394,Urban,,,,0.0,0.0
38254,33129,30.13824462890625,-1.9853813739629322,3001010303303112,0.37347883113284597,Kanombe,1432.0271577136266,3834.2927050777243,Urban,,,,0.0,0.0
38255,33129,30.14373779296875,-1.9853813739629322,3001010303303113,0.37347883113284597,Kanombe,2229.7540733136693,5970.228798645213,Urban,,,,0.0,0.0
38256,33129,30.14923095703125,-1.9853813739629322,3001010303312002,0.37347883113284597,Kanombe,2229.7540733136693,5970.228798645213,Urban,36.965,25.156,17.0,4.0,2.0
38257,33129,30.15472412109375,-1.9853813739629322,3001010303312003,0.37347883113284597,Kanombe,2046.7668184095241,5480.275313600014,Urban,,,,0.0,0.0
38258,33129,30.16021728515625,-1.9853813739629322,3001010303312012,0.37347883113284597,Nyarugunga,407.27822335731946,1090.4988165512682,Peri-urban,,,,0.0,0.0
38259,33129,30.16571044921875,-1.9853813739629322,3001010303312013,0.37347883113284597,Nyarugunga,407.27822335731946,1090.4988165512682,Peri-urban,,,,0.0,0.0
38260,33129,30.17120361328125,-1.9853813739629322,3001010303312102,0.37347883113284597,Nyarugunga,515.733390071345,1380.8905541098773,Peri-urban,,,,0.0,0.0
38261,33129,30.17669677734375,-1.9853813739629322,3001010303312103,0.37347883113284597,Nyarugunga,1553.4884224762013,4159.50863336516,Urban,,,,0.0,0.0
38262,33129,30.18218994140625,-1.9853813739629322,3001010303312112,0.37347883113284597,Nyarugunga,1553.4884224762013,4159.50863336516,Urban,,,,0.0,0.0
38263,33129,30.18768310546875,-1.9853813739629322,3001010303312113,0.37347883113284597,Rusororo,581.38869753066,1556.684473299802,Urban,,,,0.0,0.0
38264,33129,30.19317626953125,-1.9853813739629322,3001010303313002,0.37347883113284597,Rusororo,1374.7826398233426,3681.0189098357064,Urban,7.424,9.354,18.0,2.0,1.0
38265,33129,30.19866943359375,-1.9853813739629322,3001010303313003,0.37347883113284597,Rusororo,1374.7826398233426,3681.0189098357064,Urban,,,,0.0,0.0
38266,33129,30.20416259765625,-1.9853813739629322,3001010303313012,0.37347883113284597,Rusororo,1086.5828367704364,2909.355888992649,Urban,,,,0.0,0.0
38267,33129,30.20965576171875,-1.9853813739629322,3001010303313013,0.37347883113284597,Rusororo,352.9408733712078,945.0090445572459,Peri-urban,,,,0.0,0.0
38268,33129,30.21514892578125,-1.9853813739629322,3001010303313102,0.37347883113284597,Masaka,352.9408733712078,945.0090445572459,Peri-urban,,,,0.0,0.0
38269,33129,30.22064208984375,-1.9853813739629322,3001010303313103,0.37347883113284597,Masaka,2094.270752104664,5607.468422647319,Urban,4.693,1.336,15.0,11.0,1.0
38270,33129,30.22613525390625,-1.9853813739629322,3001010303313112,0.37347883113284597,Masaka,1653.7974296590648,4428.088801292224,Urban,4.0,8.925,18.0,1.0,1.0
38271,33129,30.23162841796875,-1.9853813739629322,3001010303313113,0.37347883113284597,Masaka,1653.7974296590648,4428.088801292224,Urban,,,,0.0,0.0
38229,33130,30.00091552734375,-1.9908712313470815,3001010303212121,0.3734763466919847,Kigali,568.3789211384818,1521.8605573627883,Urban,,,,0.0,0.0
38230,33130,30.00640869140625,-1.9908712313470815,3001010303212130,0.3734763466919847,Kigali,568.3789211384818,1521.8605573627883,Urban,8.055,1.852,15.0,3.0,1.0
38231,33130,30.01190185546875,-1.9908712313470815,3001010303212131,0.3734763466919847,Kigali,1142.3723459871535,3058.7542052008357,Urban,,,,0.0,0.0
38232,33130,30.01739501953125,-1.9908712313470815,3001010303213020,0.3734763466919847,Kigali,459.64240798431376,1230.7135700976328,Peri-urban,,,,0.0,0.0
38233,33130,30.02288818359375,-1.9908712313470815,3001010303213021,0.3734763466919847,Kigali,459.64240798431376,1230.7135700976328,Peri-urban,,,,0.0,0.0
38234,33130,30.02838134765625,-1.9908712313470815,3001010303213030,0.3734763466919847,Kigali,386.09338069285093,1033.782685604108,Peri-urban,,,,0.0,0.0
38235,33130,30.03387451171875,-1.9908712313470815,3001010303213031,0.3734763466919847,Nyamirambo,2489.6247112631586,6666.084032669449,Dense core,,,,0.0,0.0
38236,33130,30.03936767578125,-1.9908712313470815,3001010303213120,0.3734763466919847,Nyamirambo,2489.6247112631586,6666.084032669449,Dense core,,,,0.0,0.0
38237,33130,30.04486083984375,-1.9908712313470815,3001010303213121,0.3734763466919847,Nyamirambo,4117.939446079766,11025.97120956614,Dense core,26.971,27.972,19.0,2.0,1.0
38238,33130,30.05035400390625,-1.9908712313470815,3001010303213130,0.3734763466919847,Nyamirambo,4182.025119082424,11197.563530124826,Dense core,24.331,16.347,15.0,11.0,2.0
38239,33130,30.05584716796875,-1.9908712313470815,3001010303213131,0.3734763466919847,Kigarama,4182.025119082424,11197.563530124826,Dense core,,,,0.0,0.0
38240,33130,30.06134033203125,-1.9908712313470815,3001010303302020,0.3734763466919847,Kigarama,2159.4740465797804,5782.090527839378,Urban,,,,0.0,0.0
38241,33130,30.06683349609375,-1.9908712313470815,3001010303302021,0.3734763466919847,Kigarama,2054.4980586526144,5501.012518865112,Urban,17.508,1.813,29.0,15.0,3.0
38242,33130,30.07232666015625,-1.9908712313470815,3001010303302030,0.3734763466919847,Gikondo,2054.4980586526144,5501.012518865112,Urban,,,,0.0,0.0
38243,33130,30.07781982421875,-1.9908712313470815,3001010303302031,0.3734763466919847,Gatenga,2436.532796043473,6523.928001397482,Dense core,,,,0.0,0.0
38244,33130,30.08331298828125,-1.9908712313470815,3001010303302120,0.3734763466919847,Gatenga,2436.532796043473,6523.928001397482,Dense core,,,,0.0,0.0
38245,33130,30.08880615234375,-1.9908712313470815,3001010303302121,0.3734763466919847,Gatenga,3536.7061175760596,9469.6923885594,Dense core,,,,0.0,0.0
38246,33130,30.09429931640625,-1.9908712313470815,3001010303302130,0.3734763466919847,Gatenga,3324.2564822320146,8900.848773091411,Dense core,21.999,0.731,25.0,1.0,1.0
38247,33130,30.09979248046875,-1.9908712313470815,3001010303302131,0.3734763466919847,Kagarama,3324.2564822320146,8900.848773091411,Dense core,13.699,13.877,20.0,2.0,2.0
38248,33130,30.10528564453125,-1.9908712313470815,3001010303303020,0.3734763466919847,Kagarama,2563.594071164471,6864.140376950649,Dense core,,,,0.0,0.0
38249,33130,30.11077880859375,-1.9908712313470815,3001010303303021,0.3734763466919847,Kagarama,2396.942971854977,6417.924436408273,Dense core,63.098,23.514,14.0,3.0,1.0
38250,33130,30.11627197265625,-1.9908712313470815,3001010303303030,0.3734763466919847,Kagarama,2396.942971854977,6417.924436408273,Dense core,,,,0.0,0.0
38251,33130,30.12176513671875,-1.9908712313470815,3001010303303031,0.3734763466919847,Kagarama,1093.1869196419996,2927.0579765619755,Urban,,,,0.0,0.0
38252,33130,30.12725830078125,-1.9908712313470815,3001010303303120,0.3734763466919847,Niboye,1263.4546085450827,3382.9575011535744,Urban,,,,0.0,0.0
38253,33130,30.13275146484375,-1.9908712313470815,3001010303303121,0.3734763466919847,Kanombe,1263.4546085450827,3382.9575011535744,Urban,7.264,0.216,23.0,1.0,1.0
38254,33130,30.13824462890625,-1.9908712313470815,3001010303303130,0.3734763466919847,Kanombe,1432.02239466897,3834.3054583052212,Urban,,,,0.0,0.0
38255,33130,30.14373779296875,-1.9908712313470815,3001010303303131,0.3734763466919847,Kanombe,2229.7466569611465,5970.248656202248,Urban,,,,0.0,0.0
38256,33130,30.14923095703125,-1.9908712313470815,3001010303312020,0.3734763466919847,Kanombe,2229.7466569611465,5970.248656202248,Urban,,,,0.0,0.0
38257,33130,30.15472412109375,-1.9908712313470815,3001010303312021,0.3734763466919847,Kanombe,2046.760010688243,5480.293541524485,Urban,,,,0.0,0.0
38258,33130,30.16021728515625,-1.9908712313470815,3001010303312030,0.3734763466919847,Kanombe,407.2768687151572,1090.5024436555514,Peri-urban,47.152,4.019,25.0,1.0,1.0
38259,33130,30.16571044921875,-1.9908712313470815,3001010303312031,0.3734763466919847,Nyarugunga,407.2768687151572,1090.5024436555514,Peri-urban,,,,0.0,0.0
38260,33130,30.17120361328125,-1.9908712313470815,3001010303312120,0.3734763466919847,Nyarugunga,515.7316746980335,1380.8951470850986,Peri-urban,,,,0.0,0.0
38261,33130,30.17669677734375,-1.9908712313470815,3001010303312121,0.3734763466919847,Nyarugunga,1553.483255441003,4159.522468292214,Urban,,,,0.0,0.0
38262,33130,30.18218994140625,-1.9908712313470815,3001010303312130,0.3734763466919847,Nyarugunga,1553.483255441003,4159.522468292214,Urban,,,,0.0,0.0
38263,33130,30.18768310546875,-1.9908712313470815,3001010303312131,0.3734763466919847,Masaka,581.3867637821874,1556.6896509825604,Urban,,,,0.0,0.0
38264,33130,30.19317626953125,-1.9908712313470815,3001010303313020,0.3734763466919847,Masaka,1374.778067178843,3681.0311532597725,Urban,,,,0.0,0.0
38265,33130,30.19866943359375,-1.9908712313470815,3001010303313021,0.3734763466919847,Masaka,1374.778067178843,3681.0311532597725,Urban,23.816,8.445,20.0,3.0,1.0
38266,33130,30.20416259765625,-1.9908712313470815,3001010303313030,0.3734763466919847,Masaka,1086.5792227031009,2909.3655657910513,Urban,,,,0.0,0.0
38267,33130,30.20965576171875,-1.9908712313470815,3001010303313031,0.3734763466919847,Masaka,352.93969945971327,945.0121877485095,Peri-urban,,,,0.0,0.0
38268,33130,30.21514892578125,-1.9908712313470815,3001010303313120,0.3734763466919847,Masaka,352.93969945971327,945.0121877485095,Peri-urban,,,,0.0,0.0
38269,33130,30.22064208984375,-1.9908712313470815,3001010303313121,0.3734763466919847,Masaka,2094.263786381241,5607.487073628341,Urban,,,,0.0,0.0
38270,33130,30.22613525390625,-1.9908712313470815,3001010303313130,0.3734763466919847,Masaka,1653.7919289875394,4428.103529542831,Urban,43.784,51.591,20.0,1.0,1.0
38271,33130,30.23162841796875,-1.9908712313470815,3001010303313131,0.3734763466919847,Masaka,1653.7919289875394,4428.103529542831,Urban,,,,0.0,0.0
38229,33131,30.00091552734375,-1.9963610704462975,3001010303212123,0.3734738554101533,Kigali,364.8952533924045,977.0302475167166,Peri-urban,,,,0.0,0.0
38230,33131,30.00640869140625,-1.9963610704462975,3001010303212132,0.3734738554101533,Kigali,364.8952533924045,977.0302475167166,Peri-urban,,,,0.0,0.0
38231,33131,30.01190185546875,-1.9963610704462975,3001010303212133,0.3734738554101533,Kigali,724.2015853668363,1939.095802493349,Urban,,,,0.0,0.0
38232,33131,30.01739501953125,-1.9963610704462975,3001010303213022,0.3734738554101533,Kigali,683.2402664592591,1829.4192660659385,Urban,,,,0.0,0.0
38233,33131,30.02288818359375,-1.9963610704462975,3001010303213023,0.3734738554101533,Kigali,683.2402664592591,1829.4192660659385,Urban,,,,0.0,0.0
38234,33131,30.02838134765625,-1.9963610704462975,3001010303213032,0.3734738554101533,Kigali,244.4839980017415,654.6214533096202,Peri-urban,,,,0.0,0.0
38235,33131,30.03387451171875,-1.9963610704462975,3001010303213033,0.3734738554101533,Nyamirambo,1760.7658289563415,4714.562487975625,Urban,,,,0.0,0.0
38236,33131,30.03936767578125,-1.9963610704462975,3001010303213122,0.3734738554101533,Nyamirambo,1760.7658289563415,4714.562487975625,Urban,,,,0.0,0.0
38237,33131,30.04486083984375,-1.9963610704462975,3001010303213123,0.3734738554101533,Nyamirambo,2129.9170692505636,5702.988411093634,Urban,,,,0.0,0.0
38238,33131,30.05035400390625,-1.9963610704462975,3001010303213132,0.3734738554101533,Kigarama,3330.9299206574824,8918.776702587164,Dense core,17.52,21.008,15.0,6.0,2.0
38239,33131,30.05584716796875,-1.9963610704462975,3001010303213133,0.3734738554101533,Kigarama,3330.9299206574824,8918.776702587164,Dense core,,,,0.0,0.0
38240,33131,30.06134033203125,-1.9963610704462975,3001010303302022,0.3734738554101533,Kigarama,3124.9031594859143,8367.126946688435,Dense core,,,,0.0,0.0
38241,33131,30.06683349609375,-1.9963610704462975,3001010303302023,0.3734738554101533,Kigarama,1270.892327670363,3402.8950333743023,Urban,26.046,14.01,18.0,2.0,2.0
38242,33131,30.07232666015625,-1.9963610704462975,3001010303302032,0.3734738554101533,Gatenga,1270.892327670363,3402.8950333743023,Urban,,,,0.0,0.0
38243,33131,30.07781982421875,-1.9963610704462975,3001010303302033,0.3734738554101533,Gatenga,1148.0469564559269,3073.968739244487,Urban,83.198,25.25,18.0,32.0,4.0
38244,33131,30.08331298828125,-1.9963610704462975,3001010303302122,0.3734738554101533,Gatenga,1148.0469564559269,3073.968739244487,Urban,,,,0.0,0.0
38245,33131,30.08880615234375,-1.9963610704462975,3001010303302123,0.3734738554101533,Gatenga,2506.986610880545,6712.616089625185,Dense core,,,,0.0,0.0
38246,33131,30.09429931640625,-1.9963610704462975,3001010303302132,0.3734738554101533,Gatenga,2171.435076176159,5814.1555150934555,Urban,,,,0.0,0.0
38247,33131,30.09979248046875,-1.9963610704462975,3001010303302133,0.3734738554101533,Kagarama,2171.435076176159,5814.1555150934555,Urban,,,,0.0,0.0
38248,33131,30.10528564453125,-1.9963610704462975,3001010303303022,0.3734738554101533,Kagarama,1082.142908287789,2897.506458917632,Urban,,,,0.0,0.0
38249,33131,30.11077880859375,-1.9963610704462975,3001010303303023,0.3734738554101533,Kagarama,1310.0253979504614,3507.6763178289316,Urban,,,,0.0,0.0
38250,33131,30.11627197265625,-1.9963610704462975,3001010303303032,0.3734738554101533,Kagarama,1310.0253979504614,3507.6763178289316,Urban,54.116,28.157,153.0,1.0,1.0
38251,33131,30.12176513671875,-1.9963610704462975,3001010303303033,0.3734738554101533,Kagarama,1230.600731506349,3295.011722185717,Urban,26.118,8.085,17.0,2.0,2.0
38252,33131,30.12725830078125,-1.9963610704462975,3001010303303122,0.3734738554101533,Kagarama,158.62942751211114,424.7403806563714,Peri-urban,,,,0.0,0.0
38253,33131,30.13275146484375,-1.9963610704462975,3001010303303123,0.3734738554101533,Kanombe,158.62942751211114,424.7403806563714,Peri-urban,,,,0.0,0.0
38254,33131,30.13824462890625,-1.9963610704462975,3001010303303132,0.3734738554101533,Kanombe,774.0575844127444,2072.588410673795,Urban,,,,0.0,0.0
38255,33131,30.14373779296875,-1.9963610704462975,3001010303303133,0.3734738554101533,Kanombe,1888.0507217379168,5055.375883445543,Urban,,,,0.0,0.0
38256,33131,30.14923095703125,-1.9963610704462975,3001010303312022,0.3734738554101533,Kanombe,1888.0507217379168,5055.375883445543,Urban,37.217,5.573,21.0,20.0,2.0
38257,33131,30.15472412109375,-1.9963610704462975,3001010303312023,0.3734738554101533,Kanombe,1167.7659123590338,3126.767497758524,Urban,,,,0.0,0.0
38258,33131,30.16021728515625,-1.9963610704462975,3001010303312032,0.3734738554101533,Kanombe,570.6642975244746,1527.989949651936,Urban,,,,0.0,0.0
38259,33131,30.16571044921875,-1.9963610704462975,3001010303312033,0.3734738554101533,Nyarugunga,570.6642975244746,1527.989949651936,Urban,,,,0.0,0.0
38260,33131,30.17120361328125,-1.9963610704462975,3001010303312122,0.3734738554101533,Nyarugunga,139.77015993593707,374.2434923120384,Peri-urban,,,,0.0,0.0
38261,33131,30.17669677734375,-1.9963610704462975,3001010303312123,0.3734738554101533,Nyarugunga,337.0364897189899,902.4366360232968,Peri-urban,,,,0.0,0.0
38262,33131,30.18218994140625,-1.9963610704462975,3001010303312132,0.3734738554101533,Masaka,337.0364897189899,902.4366360232968,Peri-urban,,,,0.0,0.0
38263,33131,30.18768310546875,-1.9963610704462975,3001010303312133,0.3734738554101533,Masaka,1183.1327644855794,3167.913221626315,Urban,,,,0.0,0.0
38264,33131,30.19317626953125,-1.9963610704462975,3001010303313022,0.3734738554101533,Masaka,2772.0055442170374,7422.221138271617,Dense core,31.78,6.908,26.0,2.0,1.0
38265,33131,30.19866943359375,-1.9963610704462975,3001010303313023,0.3734738554101533,Masaka,2772.0055442170374,7422.221138271617,Dense core,17.375,1.508,39.0,17.0,1.0
38266,33131,30.20416259765625,-1.9963610704462975,3001010303313032,0.3734738554101533,Masaka,1576.902412969948,4222.256498351606,Urban,,,,0.0,0.0
38267,33131,30.20965576171875,-1.9963610704462975,3001010303313033,0.3734738554101533,Masaka,997.7027661886797,2671.412608234627,Urban,,,,0.0,0.0
38268,33131,30.21514892578125,-1.9963610704462975,3001010303313122,0.3734738554101533,Masaka,997.7027661886797,2671.412608234627,Urban,,,,0.0,0.0
38269,33131,30.22064208984375,-1.9963610704462975,3001010303313123,0.3734738554101533,Masaka,1507.215917616594,4035.6664751307744,Urban,,,,0.0,0.0
38270,33131,30.22613525390625,-1.9963610704462975,3001010303313132,0.3734738554101533,Masaka,501.2524904300351,1342.1354217139344,Peri-urban,,,,0.0,0.0
38271,33131,30.23162841796875,-1.9963610704462975,3001010303313133,0.3734738554101533,Masaka,501.2524904300351,1342.1354217139344,Peri-urban,,,,0.0,0.0
38230,33132,30.00640869140625,-2.001850891210238,3001010303212310,0.37347135728753494,Kigali,46.81863794637139,125.36071918984085,Rural,,,,0.0,0.0
38231,33132,30.01190185546875,-2.001850891210238,3001010303212311,0.37347135728753494,Kigali,304.95914462319735,816.5529663052844,Peri-urban,,,,0.0,0.0
38232,33132,30.01739501953125,-2.001850891210238,3001010303213200,0.37347135728753494,Kigali,529.071672982144,1416.6325279258635,Peri-urban,,,,0.0,0.0
38233,33132,30.02288818359375,-2.001850891210238,3001010303213201,0.37347135728753494,Kigali,529.071672982144,1416.6325279258635,Peri-urban,,,,0.0,0.0
38234,33132,30.02838134765625,-2.001850891210238,3001010303213210,0.37347135728753494,Kigali,294.695887374939,789.0722584866211,Peri-urban,,,,0.0,0.0
38235,33132,30.03387451171875,-2.001850891210238,3001010303213211,0.37347135728753494,Nyamirambo,980.9105733456495,2626.4680120849216,Urban,,,,0.0,0.0
38236,33132,30.03936767578125,-2.001850891210238,3001010303213300,0.37347135728753494,Nyamirambo,980.9105733456495,2626.4680120849216,Urban,,,,0.0,0.0
38237,33132,30.04486083984375,-2.001850891210238,3001010303213301,0.37347135728753494,Nyamirambo,1998.5194180413487,5351.198636908297,Urban,,,,0.0,0.0
38238,33132,30.05035400390625,-2.001850891210238,3001010303213310,0.37347135728753494,Kigarama,1198.6529384434643,3209.490942355249,Urban,,,,0.0,0.0
38239,33132,30.05584716796875,-2.001850891210238,3001010303213311,0.37347135728753494,Kigarama,1198.6529384434643,3209.490942355249,Urban,,,,0.0,0.0
38240,33132,30.06134033203125,-2.001850891210238,3001010303302200,0.37347135728753494,Kigarama,853.7012490195387,2285.854677638038,Urban,,,,0.0,0.0
38241,33132,30.06683349609375,-2.001850891210238,3001010303302201,0.37347135728753494,Kigarama,763.0064485182346,2043.0119569538965,Urban,27.893,1.008,17.0,1.0,1.0
38242,33132,30.07232666015625,-2.001850891210238,3001010303302210,0.37347135728753494,Gatenga,763.0064485182346,2043.0119569538965,Urban,,,,0.0,0.0
38243,33132,30.07781982421875,-2.001850891210238,3001010303302211,0.37347135728753494,Gatenga,1700.0509959762694,4552.0251092974795,Urban,,,,0.0,0.0
38244,33132,30.08331298828125,-2.001850891210238,3001010303302300,0.37347135728753494,Gatenga,1700.0509959762694,4552.0251092974795,Urban,188.429,38.349,19.0,1.0,1.0
38245,33132,30.08880615234375,-2.001850891210238,3001010303302301,0.37347135728753494,Gatenga,1915.0398699856742,5127.675342747338,Urban,55.716,19.0,20.0,10.0,2.0
38246,33132,30.09429931640625,-2.001850891210238,3001010303302310,0.37347135728753494,Kagarama,786.371630127062,2105.5741351582037,Urban,17.501,5.141,39.0,18.0,4.0
38247,33132,30.09979248046875,-2.001850891210238,3001010303302311,0.37347135728753494,Kagarama,786.371630127062,2105.5741351582037,Urban,,,,0.0,0.0
38248,33132,30.10528564453125,-2.001850891210238,3001010303303200,0.37347135728753494,Gahanga,593.3522997559255,1588.7491454909743,Urban,,,,0.0,0.0
38249,33132,30.11077880859375,-2.001850891210238,3001010303303201,0.37347135728753494,Gahanga,1409.8414461233403,3774.965385197949,Urban,,,,0.0,0.0
38250,33132,30.11627197265625,-2.001850891210238,3001010303303210,0.37347135728753494,Gahanga,1409.8414461233403,3774.965385197949,Urban,,,,0.0,0.0
38251,33132,30.12176513671875,-2.001850891210238,3001010303303211,0.37347135728753494,Kagarama,1171.8552591346472,3137.7379717835706,Urban,,,,0.0,0.0
38252,33132,30.12725830078125,-2.001850891210238,3001010303303300,0.37347135728753494,Kagarama,745.265766382361,1995.5098345295116,Urban,3.914,16.161,19.0,1.0,1.0
38253,33132,30.13275146484375,-2.001850891210238,3001010303303301,0.37347135728753494,Kagarama,745.265766382361,1995.5098345295116,Urban,,,,0.0,0.0
38254,33132,30.13824462890625,-2.001850891210238,3001010303303310,0.37347135728753494,Kanombe,543.0642364873603,1454.098757215419,Peri-urban,,,,0.0,0.0
38255,33132,30.14373779296875,-2.001850891210238,3001010303303311,0.37347135728753494,Kanombe,984.2140795357607,2635.3134191707663,Urban,,,,0.0,0.0
38256,33132,30.14923095703125,-2.001850891210238,3001010303312200,0.37347135728753494,Kanombe,984.2140795357607,2635.3134191707663,Urban,45.643,3.271,29.0,5.0,3.0
38257,33132,30.15472412109375,-2.001850891210238,3001010303312201,0.37347135728753494,Kanombe,1434.3960500659157,3840.712338648173,Urban,,,,0.0,0.0
38258,33132,30.16021728515625,-2.001850891210238,3001010303312210,0.37347135728753494,Kanombe,415.6269755709755,1112.875103969446,Peri-urban,17.377,8.354,13.0,6.0,1.0
38259,33132,30.16571044921875,-2.001850891210238,3001010303312211,0.37347135728753494,Kanombe,415.6269755709755,1112.875103969446,Peri-urban,,,,0.0,0.0
38260,33132,30.17120361328125,-2.001850891210238,3001010303312300,0.37347135728753494,Masaka,316.1872231421815,846.6170617168628,Peri-urban,,,,0.0,0.0
38261,33132,30.17669677734375,-2.001850891210238,3001010303312301,0.37347135728753494,Masaka,896.9270137801299,2401.5951860254368,Urban,,,,0.0,0.0
38262,33132,30.18218994140625,-2.001850891210238,3001010303312310,0.37347135728753494,Masaka,896.9270137801299,2401.5951860254368,Urban,,,,0.0,0.0
38263,33132,30.18768310546875,-2.001850891210238,3001010303312311,0.37347135728753494,Masaka,1423.1558035435173,3810.6156624156647,Urban,,,,0.0,0.0
38264,33132,30.19317626953125,-2.001850891210238,3001010303313200,0.37347135728753494,Masaka,1187.1333615268973,3178.6463362247223,Urban,,,,0.0,0.0
38265,33132,30.19866943359375,-2.001850891210238,3001010303313201,0.37347135728753494,Masaka,1187.1333615268973,3178.6463362247223,Urban,,,,0.0,0.0
38266,33132,30.20416259765625,-2.001850891210238,3001010303313210,0.37347135728753494,Masaka,472.4548603588044,1265.0363974098882,Peri-urban,,,,0.0,0.0
38267,33132,30.20965576171875,-2.001850891210238,3001010303313211,0.37347135728753494,Masaka,424.9499610290809,1137.8381574304042,Peri-urban,,,,0.0,0.0
38268,33132,30.21514892578125,-2.001850891210238,3001010303313300,0.37347135728753494,Masaka,424.9499610290809,1137.8381574304042,Peri-urban,,,,0.0,0.0
38269,33132,30.22064208984375,-2.001850891210238,3001010303313301,0.37347135728753494,Masaka,828.9101161684889,2219.4743987564016,Urban,,,,0.0,0.0
38270,33132,30.22613525390625,-2.001850891210238,3001010303313310,0.37347135728753494,Masaka,784.475876542488,2100.4981004166307,Urban,,,,0.0,0.0
38271,33132,30.23162841796875,-2.001850891210238,3001010303313311,0.37347135728753494,Masaka,784.475876542488,2100.4981004166307,Urban,,,,0.0,0.0
38230,33133,30.00640869140625,-2.007340693588567,3001010303212312,0.3734688523243127,Kigali,46.818480934112564,125.36113960437149,Rural,,,,0.0,0.0
38231,33133,30.01190185546875,-2.007340693588567,3001010303212313,0.3734688523243127,Kigali,304.9581219039077,816.555704728726,Peri-urban,,,,0.0,0.0
38232,33133,30.01739501953125,-2.007340693588567,3001010303213202,0.3734688523243127,Kigali,529.0698986729778,1416.6372787992086,Peri-urban,,,,0.0,0.0
38233,33133,30.02288818359375,-2.007340693588567,3001010303213203,0.3734688523243127,Kigali,529.0698986729778,1416.6372787992086,Peri-urban,,,,0.0,0.0
38234,33133,30.02838134765625,-2.007340693588567,3001010303213212,0.3734688523243127,Kigali,294.69489907478817,789.0749047497036,Peri-urban,,,,0.0,0.0
38235,33133,30.03387451171875,-2.007340693588567,3001010303213213,0.3734688523243127,Nyamirambo,980.907283737246,2626.4768203090903,Urban,,,,0.0,0.0
38236,33133,30.03936767578125,-2.007340693588567,3001010303213302,0.3734688523243127,Nyamirambo,980.907283737246,2626.4768203090903,Urban,,,,0.0,0.0
38237,33133,30.04486083984375,-2.007340693588567,3001010303213303,0.3734688523243127,Nyamirambo,1998.51271575222,5351.216582893912,Urban,,,,0.0,0.0
38238,33133,30.05035400390625,-2.007340693588567,3001010303213312,0.3734688523243127,Mageregere,1198.6489186083375,3209.5017058275457,Urban,,,,0.0,0.0
38239,33133,30.05584716796875,-2.007340693588567,3001010303213313,0.3734688523243127,Mageregere,1198.6489186083375,3209.5017058275457,Urban,,,,0.0,0.0
38240,33133,30.06134033203125,-2.007340693588567,3001010303302202,0.3734688523243127,Mageregere,853.6983860237887,2285.862343568225,Urban,,,,0.0,0.0
38241,33133,30.06683349609375,-2.007340693588567,3001010303302203,0.3734688523243127,Gatenga,763.0038896790365,2043.0188084773924,Urban,58.496,22.793,17.0,10.0,2.0
38242,33133,30.07232666015625,-2.007340693588567,3001010303302212,0.3734688523243127,Gatenga,763.0038896790365,2043.0188084773924,Urban,,,,0.0,0.0
38243,33133,30.07781982421875,-2.007340693588567,3001010303302213,0.3734688523243127,Gatenga,1700.0452946389667,4552.040375144008,Urban,,,,0.0,0.0
38244,33133,30.08331298828125,-2.007340693588567,3001010303302302,0.3734688523243127,Gatenga,1700.0452946389667,4552.040375144008,Urban,,,,0.0,0.0
38245,33133,30.08880615234375,-2.007340693588567,3001010303302303,0.3734688523243127,Gahanga,1915.0334476558305,5127.692539116635,Urban,,,,0.0,0.0
38246,33133,30.09429931640625,-2.007340693588567,3001010303302312,0.3734688523243127,Gahanga,786.3689929297547,2105.5811964926274,Urban,10.786,10.277,20.0,2.0,1.0
38247,33133,30.09979248046875,-2.007340693588567,3001010303302313,0.3734688523243127,Kagarama,786.3689929297547,2105.5811964926274,Urban,,,,0.0,0.0
38248,33133,30.10528564453125,-2.007340693588567,3001010303303202,0.3734688523243127,Gahanga,593.3503098734994,1588.7544735812296,Urban,,,,0.0,0.0
38249,33133,30.11077880859375,-2.007340693588567,3001010303303203,0.3734688523243127,Gahanga,1409.8367180406847,3774.978045067093,Urban,264.69,29.001,11.0,1.0,1.0
38250,33133,30.11627197265625,-2.007340693588567,3001010303303212,0.3734688523243127,Gahanga,1409.8367180406847,3774.978045067093,Urban,,,,0.0,0.0
38251,33133,30.12176513671875,-2.007340693588567,3001010303303213,0.3734688523243127,Gahanga,1171.8513291689471,3137.7484946223453,Urban,41.193,30.457,12.0,1.0,1.0
38252,33133,30.12725830078125,-2.007340693588567,3001010303303302,0.3734688523243127,Kagarama,745.2632670387975,1995.5165267480622,Urban,,,,0.0,0.0
38253,33133,30.13275146484375,-2.007340693588567,3001010303303303,0.3734688523243127,Kagarama,745.2632670387975,1995.5165267480622,Urban,,,,0.0,0.0
38254,33133,30.13824462890625,-2.007340693588567,3001010303303312,0.3734688523243127,Kanombe,543.0624152523521,1454.1036337369517,Peri-urban,,,,0.0,0.0
38255,33133,30.14373779296875,-2.007340693588567,3001010303303313,0.3734688523243127,Kanombe,984.2107788486289,2635.3222570592325,Urban,21.927,5.065,19.0,15.0,2.0
38256,33133,30.14923095703125,-2.007340693588567,3001010303312202,0.3734688523243127,Kanombe,984.2107788486289,2635.3222570592325,Urban,,,,0.0,0.0
38257,33133,30.15472412109375,-2.007340693588567,3001010303312203,0.3734688523243127,Kanombe,1434.3912396362718,3840.725219008829,Urban,,,,0.0,0.0
38258,33133,30.16021728515625,-2.007340693588567,3001010303312212,0.3734688523243127,Kanombe,415.62558171303505,1112.8788361502081,Peri-urban,,,,0.0,0.0
38259,33133,30.16571044921875,-2.007340693588567,3001010303312213,0.3734688523243127,Masaka,415.62558171303505,1112.8788361502081,Peri-urban,,,,0.0,0.0
38260,33133,30.17120361328125,-2.007340693588567,3001010303312302,0.3734688523243127,Masaka,316.18616276810207,846.6199009644115,Peri-urban,,,,0.0,0.0
38261,33133,30.17669677734375,-2.007340693588567,3001010303312303,0.3734688523243127,Masaka,896.9240058212781,2401.6032401074444,Urban,,,,0.0,0.0
38262,33133,30.18218994140625,-2.007340693588567,3001010303312312,0.3734688523243127,Masaka,896.9240058212781,2401.6032401074444,Urban,,,,0.0,0.0
38263,33133,30.18768310546875,-2.007340693588567,3001010303312313,0.3734688523243127,Masaka,1423.1510308094698,3810.628441842948,Urban,,,,0.0,0.0
38264,33133,30.19317626953125,-2.007340693588567,3001010303313202,0.3734688523243127,Masaka,1187.129380324137,3178.6569962553613,Urban,,,,0.0,0.0
38265,33133,30.19866943359375,-2.007340693588567,3001010303313203,0.3734688523243127,Masaka,1187.129380324137,3178.6569962553613,Urban,,,,0.0,0.0
38266,33133,30.20416259765625,-2.007340693588567,3001010303313212,0.3734688523243127,Masaka,472.45327592132253,1265.0406398846183,Peri-urban,,,,0.0,0.0
38267,33133,30.20965576171875,-2.007340693588567,3001010303313213,0.3734688523243127,Masaka,424.9485359053225,1137.8419733282226,Peri-urban,,,,0.0,0.0
38268,33133,30.21514892578125,-2.007340693588567,3001010303313302,0.3734688523243127,Masaka,424.9485359053225,1137.8419733282226,Peri-urban,,,,0.0,0.0
38269,33133,30.22064208984375,-2.007340693588567,3001010303313303,0.3734688523243127,Masaka,828.9073363129568,2219.481842071131,Urban,,,,0.0,0.0
38270,33133,30.22613525390625,-2.007340693588567,3001010303313312,0.3734688523243127,Masaka,784.4732457028314,2100.5051447278684,Urban,,,,0.0,0.0
38232,33134,30.01739501953125,-2.0128304775309447,3001010303213220,0.3734663405206705,Kigali,520.505958617603,1393.7158510508236,Peri-urban,,,,0.0,0.0
38233,33134,30.02288818359375,-2.0128304775309447,3001010303213221,0.3734663405206705,Kigali,520.505958617603,1393.7158510508236,Peri-urban,,,,0.0,0.0
38234,33134,30.02838134765625,-2.0128304775309447,3001010303213230,0.3734663405206705,Kigali,497.55154792815483,1332.252719842142,Peri-urban,,,,0.0,0.0
38235,33134,30.03387451171875,-2.0128304775309447,3001010303213231,0.3734663405206705,Kigali,918.3687661295371,2459.040257414329,Urban,,,,0.0,0.0
38236,33134,30.03936767578125,-2.0128304775309447,3001010303213320,0.3734663405206705,Nyamirambo,918.3687661295371,2459.040257414329,Urban,,,,0.0,0.0
38237,33134,30.04486083984375,-2.0128304775309447,3001010303213321,0.3734663405206705,Mageregere,1093.438581929268,2927.8102556842027,Urban,,,,0.0,0.0
38238,33134,30.05035400390625,-2.0128304775309447,3001010303213330,0.3734663405206705,Mageregere,503.0018162193574,1346.8464534664467,Peri-urban,,,,0.0,0.0
38239,33134,30.05584716796875,-2.0128304775309447,3001010303213331,0.3734663405206705,Mageregere,503.0018162193574,1346.8464534664467,Peri-urban,,,,0.0,0.0
38240,33134,30.06134033203125,-2.0128304775309447,3001010303302220,0.3734663405206705,Mageregere,353.24455966917935,945.8538062003156,Peri-urban,,,,0.0,0.0
38241,33134,30.06683349609375,-2.0128304775309447,3001010303302221,0.3734663405206705,Gatenga,717.8170274860454,1922.0394172210972,Urban,,,,0.0,0.0
38242,33134,30.07232666015625,-2.0128304775309447,3001010303302230,0.3734663405206705,Gatenga,717.8170274860454,1922.0394172210972,Urban,,,,0.0,0.0
38243,33134,30.07781982421875,-2.0128304775309447,3001010303302231,0.3734663405206705,Gatenga,1241.9028100117353,3325.340667328489,Urban,,,,0.0,0.0
38244,33134,30.08331298828125,-2.0128304775309447,3001010303302320,0.3734663405206705,Gatenga,1241.9028100117353,3325.340667328489,Urban,,,,0.0,0.0
38245,33134,30.08880615234375,-2.0128304775309447,3001010303302321,0.3734663405206705,Gahanga,2341.0968188998236,6268.561754818301,Dense core,,,,0.0,0.0
38246,33134,30.09429931640625,-2.0128304775309447,3001010303302330,0.3734663405206705,Gahanga,1793.1309030109371,4801.318642293258,Urban,,,,0.0,0.0
38247,33134,30.09979248046875,-2.0128304775309447,3001010303302331,0.3734663405206705,Gahanga,1793.1309030109371,4801.318642293258,Urban,8.529,6.756,14.0,10.0,1.0
38248,33134,30.10528564453125,-2.0128304775309447,3001010303303220,0.3734663405206705,Gahanga,1419.899331186097,3801.947263055983,Urban,6.861,3.106,13.0,8.0,1.0
38249,33134,30.11077880859375,-2.0128304775309447,3001010303303221,0.3734663405206705,Gahanga,1010.0408207716847,2704.502952966336,Urban,,,,0.0,0.0
38250,33134,30.11627197265625,-2.0128304775309447,3001010303303230,0.3734663405206705,Gahanga,1010.0408207716847,2704.502952966336,Urban,,,,0.0,0.0
38251,33134,30.12176513671875,-2.0128304775309447,3001010303303231,0.3734663405206705,Gahanga,1524.040410210803,4080.797236200864,Urban,13.115,7.701,13.0,4.0,1.0
38252,33134,30.12725830078125,-2.0128304775309447,3001010303303320,0.3734663405206705,Gahanga,1079.3324383987851,2890.0393992508853,Urban,,,,0.0,0.0
38253,33134,30.13275146484375,-2.0128304775309447,3001010303303321,0.3734663405206705,Kagarama,1079.3324383987851,2890.0393992508853,Urban,,,,0.0,0.0
38254,33134,30.13824462890625,-2.0128304775309447,3001010303303330,0.3734663405206705,Kanombe,740.4133917429918,1982.5438370449656,Urban,19.634,11.579,24.0,2.0,1.0
38255,33134,30.14373779296875,-2.0128304775309447,3001010303303331,0.3734663405206705,Kanombe,1431.611596228534,3833.308228614775,Urban,46.003,16.013,18.0,1.0,1.0
38256,33134,30.14923095703125,-2.0128304775309447,3001010303312220,0.3734663405206705,Kanombe,1431.611596228534,3833.308228614775,Urban,,,,0.0,0.0
38257,33134,30.15472412109375,-2.0128304775309447,3001010303312221,0.3734663405206705,Kanombe,353.2523780925452,945.8747409473532,Peri-urban,,,,0.0,0.0
38258,33134,30.16021728515625,-2.0128304775309447,3001010303312230,0.3734663405206705,Kanombe,38.52088493985327,103.1441946981062,Rural,,,,0.0,0.0
38259,33134,30.16571044921875,-2.0128304775309447,3001010303312231,0.3734663405206705,Masaka,38.52088493985327,103.1441946981062,Rural,,,,0.0,0.0
38260,33134,30.17120361328125,-2.0128304775309447,3001010303312320,0.3734663405206705,Masaka,293.5021188479758,785.886402610709,Peri-urban,,,,0.0,0.0
38261,33134,30.17669677734375,-2.0128304775309447,3001010303312321,0.3734663405206705,Masaka,249.64831534851444,668.4626919803954,Peri-urban,,,,0.0,0.0
38262,33134,30.18218994140625,-2.0128304775309447,3001010303312330,0.3734663405206705,Masaka,249.64831534851444,668.4626919803954,Peri-urban,,,,0.0,0.0
38263,33134,30.18768310546875,-2.0128304775309447,3001010303312331,0.3734663405206705,Masaka,542.1549861293804,1451.683665450363,Peri-urban,,,,0.0,0.0
38264,33134,30.19317626953125,-2.0128304775309447,3001010303313220,0.3734663405206705,Masaka,595.8012715004378,1595.3278966714847,Urban,,,,0.0,0.0
38265,33134,30.19866943359375,-2.0128304775309447,3001010303313221,0.3734663405206705,Masaka,595.8012715004378,1595.3278966714847,Urban,,,,0.0,0.0
38266,33134,30.20416259765625,-2.0128304775309447,3001010303313230,0.3734663405206705,Masaka,284.86257424043595,762.7530069866349,Peri-urban,,,,0.0,0.0
38267,33134,30.20965576171875,-2.0128304775309447,3001010303313231,0.3734663405206705,Masaka,572.0730236860416,1531.7927256536218,Urban,,,,0.0,0.0
38268,33134,30.21514892578125,-2.0128304775309447,3001010303313320,0.3734663405206705,Masaka,572.0730236860416,1531.7927256536218,Urban,,,,0.0,0.0
38269,33134,30.22064208984375,-2.0128304775309447,3001010303313321,0.3734663405206705,Masaka,716.8786565779102,1919.5268188786952,Urban,,,,0.0,0.0
38270,33134,30.22613525390625,-2.0128304775309447,3001010303313330,0.3734663405206705,Masaka,531.7948547005769,1423.9431964850478,Peri-urban,,,,0.0,0.0
38231,33135,30.01190185546875,-2.0183202429870364,3001010303212333,0.373463821876793,Mageregere,2.85715817755004,7.650428261542898,Rural,,,,0.0,0.0
38232,33135,30.01739501953125,-2.0183202429870364,3001010303213222,0.373463821876793,Mageregere,383.92086380907955,1028.0001470550376,Peri-urban,,,,0.0,0.0
38233,33135,30.02288818359375,-2.0183202429870364,3001010303213223,0.373463821876793,Kigali,383.92086380907955,1028.0001470550376,Peri-urban,,,,0.0,0.0
38234,33135,30.02838134765625,-2.0183202429870364,3001010303213232,0.373463821876793,Kigali,878.4796234410779,2352.2482553367413,Urban,,,,0.0,0.0
38235,33135,30.03387451171875,-2.0183202429870364,3001010303213233,0.373463821876793,Mageregere,550.0212938720208,1472.7565607505476,Peri-urban,,,,0.0,0.0
38236,33135,30.03936767578125,-2.0183202429870364,3001010303213322,0.373463821876793,Mageregere,550.0212938720208,1472.7565607505476,Peri-urban,,,,0.0,0.0
38237,33135,30.04486083984375,-2.0183202429870364,3001010303213323,0.373463821876793,Mageregere,796.1649781425879,2131.839636143512,Urban,,,,0.0,0.0
38238,33135,30.05035400390625,-2.0183202429870364,3001010303213332,0.373463821876793,Mageregere,272.7737048230638,730.3885646868702,Peri-urban,,,,0.0,0.0
38239,33135,30.05584716796875,-2.0183202429870364,3001010303213333,0.373463821876793,Mageregere,272.7737048230638,730.3885646868702,Peri-urban,,,,0.0,0.0
38240,33135,30.06134033203125,-2.0183202429870364,3001010303302222,0.373463821876793,Mageregere,331.73618584125194,888.2685990149076,Peri-urban,,,,0.0,0.0
38241,33135,30.06683349609375,-2.0183202429870364,3001010303302223,0.373463821876793,Mageregere,466.26139253791837,1248.478072641102,Peri-urban,,,,0.0,0.0
38242,33135,30.07232666015625,-2.0183202429870364,3001010303302232,0.373463821876793,Gatenga,466.26139253791837,1248.478072641102,Peri-urban,,,,0.0,0.0
38243,33135,30.07781982421875,-2.0183202429870364,3001010303302233,0.373463821876793,Gatenga,1111.0715974674504,2975.04478983776,Urban,,,,0.0,0.0
38244,33135,30.08331298828125,-2.0183202429870364,3001010303302322,0.373463821876793,Gahanga,1111.0715974674504,2975.04478983776,Urban,,,,0.0,0.0
38245,33135,30.08880615234375,-2.0183202429870364,3001010303302323,0.373463821876793,Gahanga,1336.899243837613,3579.72892024508,Urban,5.194,11.224,15.0,8.0,2.0
38246,33135,30.09429931640625,-2.0183202429870364,3001010303302332,0.373463821876793,Gahanga,1161.7051374907758,3110.622955800057,Urban,21.131,9.393,37.0,2.0,1.0
38247,33135,30.09979248046875,-2.0183202429870364,3001010303302333,0.373463821876793,Gahanga,1161.7051374907758,3110.622955800057,Urban,,,,0.0,0.0
38248,33135,30.10528564453125,-2.0183202429870364,3001010303303222,0.373463821876793,Gahanga,1146.8212577860386,3070.7693506236833,Urban,,,,0.0,0.0
38249,33135,30.11077880859375,-2.0183202429870364,3001010303303223,0.373463821876793,Gahanga,608.128260807314,1628.3458401706646,Urban,,,,0.0,0.0
38250,33135,30.11627197265625,-2.0183202429870364,3001010303303232,0.373463821876793,Gahanga,608.128260807314,1628.3458401706646,Urban,,,,0.0,0.0
38251,33135,30.12176513671875,-2.0183202429870364,3001010303303233,0.373463821876793,Gahanga,897.5794069545838,2403.390514358037,Urban,33.036,5.066,24.0,27.0,1.0
38252,33135,30.12725830078125,-2.0183202429870364,3001010303303322,0.373463821876793,Gahanga,1424.570638492425,3814.480961859796,Urban,,,,0.0,0.0
38253,33135,30.13275146484375,-2.0183202429870364,3001010303303323,0.373463821876793,Gahanga,1424.570638492425,3814.480961859796,Urban,,,,0.0,0.0
38254,33135,30.13824462890625,-2.0183202429870364,3001010303303332,0.373463821876793,Kanombe,372.9109864769696,998.5197082891584,Peri-urban,,,,0.0,0.0
38255,33135,30.14373779296875,-2.0183202429870364,3001010303303333,0.373463821876793,Kanombe,90.27535447072034,241.72449694605893,Rural,,,,0.0,0.0
38256,33135,30.14923095703125,-2.0183202429870364,3001010303312222,0.373463821876793,Kanombe,90.27535447072034,241.72449694605893,Rural,,,,0.0,0.0
38257,33135,30.15472412109375,-2.0183202429870364,3001010303312223,0.373463821876793,Kanombe,0.0,0.0,Rural,,,,0.0,0.0
38258,33135,30.16021728515625,-2.0183202429870364,3001010303312232,0.373463821876793,Kanombe,0.0,0.0,Rural,,,,0.0,0.0
38259,33135,30.16571044921875,-2.0183202429870364,3001010303312233,0.373463821876793,Masaka,0.0,0.0,Rural,,,,0.0,0.0
38260,33135,30.17120361328125,-2.0183202429870364,3001010303312322,0.373463821876793,Masaka,99.44204470955626,266.2695524557732,Rural,,,,0.0,0.0
38261,33135,30.17669677734375,-2.0183202429870364,3001010303312323,0.373463821876793,Masaka,640.93991162579,1716.2034823208078,Urban,,,,0.0,0.0
38262,33135,30.18218994140625,-2.0183202429870364,3001010303312332,0.373463821876793,Masaka,640.93991162579,1716.2034823208078,Urban,,,,0.0,0.0
38263,33135,30.18768310546875,-2.0183202429870364,3001010303312333,0.373463821876793,Masaka,487.3088374752885,1304.8354590985077,Peri-urban,12.181,7.776,18.0,1.0,1.0
38264,33135,30.19317626953125,-2.0183202429870364,3001010303313222,0.373463821876793,Masaka,848.0669663566899,2270.8142440540605,Urban,,,,0.0,0.0
38265,33135,30.19866943359375,-2.0183202429870364,3001010303313223,0.373463821876793,Masaka,848.0669663566899,2270.8142440540605,Urban,,,,0.0,0.0
38266,33135,30.20416259765625,-2.0183202429870364,3001010303313232,0.373463821876793,Masaka,399.62383400658206,1070.0469780401363,Peri-urban,,,,0.0,0.0
38267,33135,30.20965576171875,-2.0183202429870364,3001010303313233,0.373463821876793,Masaka,424.0389533878517,1135.421769254382,Peri-urban,,,,0.0,0.0
38268,33135,30.21514892578125,-2.0183202429870364,3001010303313322,0.373463821876793,Masaka,424.0389533878517,1135.421769254382,Peri-urban,,,,0.0,0.0
38269,33135,30.22064208984375,-2.0183202429870364,3001010303313323,0.373463821876793,Masaka,658.8356086330559,1764.1216365273744,Urban,,,,0.0,0.0
38270,33135,30.22613525390625,-2.0183202429870364,3001010303313332,0.373463821876793,Masaka,357.63882863305383,957.6264357703706,Peri-urban,,,,0.0,0.0
38230,33136,30.00640869140625,-2.023809989906505,3001010303230110,0.37346129639286463,Mageregere,110.82289450317948,296.745326955109,Rural,,,,0.0,0.0
38231,33136,30.01190185546875,-2.023809989906505,3001010303230111,0.37346129639286463,Mageregere,2.857148517016898,7.650454129017175,Rural,,,,0.0,0.0
38232,33136,30.01739501953125,-2.023809989906505,3001010303231000,0.37346129639286463,Mageregere,383.9195657079601,1028.0036229084735,Peri-urban,,,,0.0,0.0
38233,33136,30.02288818359375,-2.023809989906505,3001010303231001,0.37346129639286463,Mageregere,383.9195657079601,1028.0036229084735,Peri-urban,,,,0.0,0.0
38234,33136,30.02838134765625,-2.023809989906505,3001010303231010,0.37346129639286463,Mageregere,878.4766531534741,2352.256208711266,Urban,,,,0.0,0.0
38235,33136,30.03387451171875,-2.023809989906505,3001010303231011,0.37346129639286463,Mageregere,550.0194341573645,1472.7615404054309,Peri-urban,,,,0.0,0.0
38236,33136,30.03936767578125,-2.023809989906505,3001010303231100,0.37346129639286463,Mageregere,550.0194341573645,1472.7615404054309,Peri-urban,,,,0.0,0.0
38237,33136,30.04486083984375,-2.023809989906505,3001010303231101,0.37346129639286463,Mageregere,796.1622861746673,2131.8468442768435,Urban,,,,0.0,0.0
38238,33136,30.05035400390625,-2.023809989906505,3001010303231110,0.37346129639286463,Mageregere,272.77278252921377,730.3910342620055,Peri-urban,,,,0.0,0.0
38239,33136,30.05584716796875,-2.023809989906505,3001010303231111,0.37346129639286463,Mageregere,272.77278252921377,730.3910342620055,Peri-urban,,,,0.0,0.0
38240,33136,30.06134033203125,-2.023809989906505,3001010303320000,0.37346129639286463,Mageregere,331.73506418532025,888.271602410842,Peri-urban,,,,0.0,0.0
38241,33136,30.06683349609375,-2.023809989906505,3001010303320001,0.37346129639286463,Mageregere,466.2598160295994,1248.4822939700687,Peri-urban,,,,0.0,0.0
38242,33136,30.07232666015625,-2.023809989906505,3001010303320010,0.37346129639286463,Mageregere,466.2598160295994,1248.4822939700687,Peri-urban,,,,0.0,0.0
38243,33136,30.07781982421875,-2.023809989906505,3001010303320011,0.37346129639286463,Gatenga,1111.067840747198,2975.0548489994108,Urban,,,,0.0,0.0
38244,33136,30.08331298828125,-2.023809989906505,3001010303320100,0.37346129639286463,Gahanga,1111.067840747198,2975.0548489994108,Urban,,,,0.0,0.0
38245,33136,30.08880615234375,-2.023809989906505,3001010303320101,0.37346129639286463,Gahanga,1336.8947235560431,3579.7410239525584,Urban,,,,0.0,0.0
38246,33136,30.09429931640625,-2.023809989906505,3001010303320110,0.37346129639286463,Gahanga,1161.701209569994,3110.6334733758763,Urban,,,,0.0,0.0
38247,33136,30.09979248046875,-2.023809989906505,3001010303320111,0.37346129639286463,Gahanga,1161.701209569994,3110.6334733758763,Urban,,,,0.0,0.0
38248,33136,30.10528564453125,-2.023809989906505,3001010303321000,0.37346129639286463,Gahanga,1146.8173801901617,3070.779733447294,Urban,,,,0.0,0.0
38249,33136,30.11077880859375,-2.023809989906505,3001010303321001,0.37346129639286463,Gahanga,608.1262046232131,1628.351345900892,Urban,,,,0.0,0.0
38250,33136,30.11627197265625,-2.023809989906505,3001010303321010,0.37346129639286463,Gahanga,608.1262046232131,1628.351345900892,Urban,,,,0.0,0.0
38251,33136,30.12176513671875,-2.023809989906505,3001010303321011,0.37346129639286463,Gahanga,897.5763720873941,2403.398640653739,Urban,,,,0.0,0.0
38252,33136,30.12725830078125,-2.023809989906505,3001010303321100,0.37346129639286463,Gahanga,1424.5658217790995,3814.493859306159,Urban,,,,0.0,0.0
38253,33136,30.13275146484375,-2.023809989906505,3001010303321101,0.37346129639286463,Gahanga,1424.5658217790995,3814.493859306159,Urban,,,,0.0,0.0
38254,33136,30.13824462890625,-2.023809989906505,3001010303321110,0.37346129639286463,Gahanga,372.9097256021002,998.5230844639274,Peri-urban,,,,0.0,0.0
38255,33136,30.14373779296875,-2.023809989906505,3001010303321111,0.37346129639286463,Kanombe,90.27504923453824,241.72531426006972,Rural,,,,0.0,0.0
38256,33136,30.14923095703125,-2.023809989906505,3001010303330000,0.37346129639286463,Kanombe,90.27504923453824,241.72531426006972,Rural,,,,0.0,0.0
38257,33136,30.15472412109375,-2.023809989906505,3001010303330001,0.37346129639286463,Kanombe,0.0,0.0,Rural,,,,0.0,0.0
38258,33136,30.16021728515625,-2.023809989906505,3001010303330010,0.37346129639286463,Kanombe,0.0,0.0,Rural,,,,0.0,0.0
38259,33136,30.16571044921875,-2.023809989906505,3001010303330011,0.37346129639286463,Masaka,0.0,0.0,Rural,,,,0.0,0.0
38260,33136,30.17120361328125,-2.023809989906505,3001010303330100,0.37346129639286463,Masaka,99.44170847925015,266.27045276103235,Rural,,,,0.0,0.0
38261,33136,30.17669677734375,-2.023809989906505,3001010303330101,0.37346129639286463,Masaka,640.9377444999701,1716.2092851135294,Urban,,,,0.0,0.0
38262,33136,30.18218994140625,-2.023809989906505,3001010303330110,0.37346129639286463,Masaka,640.9377444999701,1716.2092851135294,Urban,,,,0.0,0.0
38263,33136,30.18768310546875,-2.023809989906505,3001010303330111,0.37346129639286463,Masaka,487.3071898020124,1304.8398709819369,Peri-urban,,,,0.0,0.0
38264,33136,30.19317626953125,-2.023809989906505,3001010303331000,0.37346129639286463,Masaka,848.0640988994035,2270.821922085543,Urban,,,,0.0,0.0
38265,33136,30.19866943359375,-2.023809989906505,3001010303331001,0.37346129639286463,Masaka,848.0640988994035,2270.821922085543,Urban,21.706,0.331,17.0,1.0,1.0
38266,33136,30.20416259765625,-2.023809989906505,3001010303331010,0.37346129639286463,Masaka,399.6224828110748,1070.0505960614719,Peri-urban,,,,0.0,0.0
38267,33136,30.20965576171875,-2.023809989906505,3001010303331011,0.37346129639286463,Masaka,424.0375196407127,1135.425608319648,Peri-urban,,,,0.0,0.0
38268,33136,30.21514892578125,-2.023809989906505,3001010303331100,0.37346129639286463,Masaka,424.0375196407127,1135.425608319648,Peri-urban,,,,0.0,0.0
38269,33136,30.22064208984375,-2.023809989906505,3001010303331101,0.37346129639286463,Masaka,658.8333809988695,1764.1276013399959,Urban,,,,0.0,0.0
38270,33136,30.22613525390625,-2.023809989906505,3001010303331110,0.37346129639286463,Masaka,357.637619395923,957.6296736776284,Peri-urban,,,,0.0,0.0
38229,33137,30.00091552734375,-2.0292997182390153,3001010303230103,0.3734587640690711,Mageregere,23.308286464653573,62.41194130965076,Rural,,,,0.0,0.0
38230,33137,30.00640869140625,-2.0292997182390153,3001010303230112,0.3734587640690711,Mageregere,23.308286464653573,62.41194130965076,Rural,,,,0.0,0.0
38231,33137,30.01190185546875,-2.0292997182390153,3001010303230113,0.3734587640690711,Mageregere,119.56195982664093,320.14768785698647,Peri-urban,,,,0.0,0.0
38232,33137,30.01739501953125,-2.0292997182390153,3001010303231002,0.3734587640690711,Mageregere,809.4875420411548,2167.541961584386,Urban,,,,0.0,0.0
38233,33137,30.02288818359375,-2.0292997182390153,3001010303231003,0.3734587640690711,Mageregere,809.4875420411548,2167.541961584386,Urban,,,,0.0,0.0
38234,33137,30.02838134765625,-2.0292997182390153,3001010303231012,0.3734587640690711,Mageregere,905.2173746769802,2423.875034593004,Urban,,,,0.0,0.0
38235,33137,30.03387451171875,-2.0292997182390153,3001010303231013,0.3734587640690711,Mageregere,406.8718015283496,1089.4691480666356,Peri-urban,,,,0.0,0.0
38236,33137,30.03936767578125,-2.0292997182390153,3001010303231102,0.3734587640690711,Mageregere,406.8718015283496,1089.4691480666356,Peri-urban,,,,0.0,0.0
38237,33137,30.04486083984375,-2.0292997182390153,3001010303231103,0.3734587640690711,Mageregere,215.8408510172396,577.9509594727838,Peri-urban,,,,0.0,0.0
38238,33137,30.05035400390625,-2.0292997182390153,3001010303231112,0.3734587640690711,Mageregere,513.6790802950277,1375.4639861658807,Peri-urban,,,,0.0,0.0
38239,33137,30.05584716796875,-2.0292997182390153,3001010303231113,0.3734587640690711,Mageregere,513.6790802950277,1375.4639861658807,Peri-urban,,,,0.0,0.0
38240,33137,30.06134033203125,-2.0292997182390153,3001010303320002,0.3734587640690711,Mageregere,365.741948335869,979.3369001462906,Peri-urban,,,,0.0,0.0
38241,33137,30.06683349609375,-2.0292997182390153,3001010303320003,0.3734587640690711,Mageregere,802.101848597591,2147.7654985470967,Urban,,,,0.0,0.0
38242,33137,30.07232666015625,-2.0292997182390153,3001010303320012,0.3734587640690711,Mageregere,802.101848597591,2147.7654985470967,Urban,,,,0.0,0.0
38243,33137,30.07781982421875,-2.0292997182390153,3001010303320013,0.3734587640690711,Gatenga,1043.2144027539728,2793.385784785146,Urban,,,,0.0,0.0
38244,33137,30.08331298828125,-2.0292997182390153,3001010303320102,0.3734587640690711,Gahanga,1043.2144027539728,2793.385784785146,Urban,0.195,0.001,68.0,1.0,1.0
38245,33137,30.08880615234375,-2.0292997182390153,3001010303320103,0.3734587640690711,Gahanga,955.9660591834313,2559.7633558456955,Urban,,,,0.0,0.0
38246,33137,30.09429931640625,-2.0292997182390153,3001010303320112,0.3734587640690711,Gahanga,1331.7025462884365,3565.862350581063,Urban,,,,0.0,0.0
38247,33137,30.09979248046875,-2.0292997182390153,3001010303320113,0.3734587640690711,Gahanga,1331.7025462884365,3565.862350581063,Urban,,,,0.0,0.0
38248,33137,30.10528564453125,-2.0292997182390153,3001010303321002,0.3734587640690711,Gahanga,1742.9234284480053,4666.976909198072,Urban,,,,0.0,0.0
38249,33137,30.11077880859375,-2.0292997182390153,3001010303321003,0.3734587640690711,Gahanga,1155.937739751098,3095.221885159208,Urban,,,,0.0,0.0
38250,33137,30.11627197265625,-2.0292997182390153,3001010303321012,0.3734587640690711,Gahanga,1155.937739751098,3095.221885159208,Urban,,,,0.0,0.0
38251,33137,30.12176513671875,-2.0292997182390153,3001010303321013,0.3734587640690711,Gahanga,874.2889661916578,2341.0589074566697,Urban,,,,0.0,0.0
38252,33137,30.12725830078125,-2.0292997182390153,3001010303321102,0.3734587640690711,Gahanga,784.1103713085082,2099.5902272184653,Urban,,,,0.0,0.0
38253,33137,30.13275146484375,-2.0292997182390153,3001010303321103,0.3734587640690711,Gahanga,784.1103713085082,2099.5902272184653,Urban,,,,0.0,0.0
38254,33137,30.13824462890625,-2.0292997182390153,3001010303321112,0.3734587640690711,Gahanga,261.7249645179962,700.8135561375935,Peri-urban,,,,0.0,0.0
38255,33137,30.14373779296875,-2.0292997182390153,3001010303321113,0.3734587640690711,Gahanga,0.0,0.0,Rural,,,,0.0,0.0
38256,33137,30.14923095703125,-2.0292997182390153,3001010303330002,0.3734587640690711,Gahanga,0.0,0.0,Rural,,,,0.0,0.0
38257,33137,30.15472412109375,-2.0292997182390153,3001010303330003,0.3734587640690711,Kanombe,0.6825889773148163,1.827749253699591,Rural,,,,0.0,0.0
38258,33137,30.16021728515625,-2.0292997182390153,3001010303330012,0.3734587640690711,Kanombe,4.693131130978346,12.56666487042289,Rural,,,,0.0,0.0
38259,33137,30.16571044921875,-2.0292997182390153,3001010303330013,0.3734587640690711,Masaka,4.693131130978346,12.56666487042289,Rural,,,,0.0,0.0
38260,33137,30.17120361328125,-2.0292997182390153,3001010303330102,0.3734587640690711,Masaka,24.13048507313569,64.61351933535764,Rural,,,,0.0,0.0
38261,33137,30.17669677734375,-2.0292997182390153,3001010303330103,0.3734587640690711,Masaka,92.83481723902312,248.58117192786872,Rural,,,,0.0,0.0
38262,33137,30.18218994140625,-2.0292997182390153,3001010303330112,0.3734587640690711,Masaka,92.83481723902312,248.58117192786872,Rural,,,,0.0,0.0
38263,33137,30.18768310546875,-2.0292997182390153,3001010303330113,0.3734587640690711,Masaka,305.37365868617155,817.6904335004247,Peri-urban,,,,0.0,0.0
38264,33137,30.19317626953125,-2.0292997182390153,3001010303331002,0.3734587640690711,Masaka,1259.5786692248198,3372.738279056322,Urban,,,,0.0,0.0
38265,33137,30.19866943359375,-2.0292997182390153,3001010303331003,0.3734587640690711,Masaka,1259.5786692248198,3372.738279056322,Urban,,,,0.0,0.0
38266,33137,30.20416259765625,-2.0292997182390153,3001010303331012,0.3734587640690711,Masaka,436.6549160020847,1169.218553728533,Peri-urban,,,,0.0,0.0
38267,33137,30.20965576171875,-2.0292997182390153,3001010303331013,0.3734587640690711,Masaka,612.316749878238,1639.5832921596407,Urban,,,,0.0,0.0
38268,33137,30.21514892578125,-2.0292997182390153,3001010303331102,0.3734587640690711,Masaka,612.316749878238,1639.5832921596407,Urban,,,,0.0,0.0
38269,33137,30.22064208984375,-2.0292997182390153,3001010303331103,0.3734587640690711,Masaka,474.54125044419874,1270.6657229670275,Peri-urban,,,,0.0,0.0
38270,33137,30.22613525390625,-2.0292997182390153,3001010303331112,0.3734587640690711,Masaka,275.74611058059077,738.3575835151418,Peri-urban,,,,0.0,0.0
38228,33138,29.99542236328125,-2.034789427934234,3001010303230120,0.3734562249055981,Mageregere,236.5419145776555,633.3859199627702,Peri-urban,,,,0.0,0.0
38229,33138,30.00091552734375,-2.034789427934234,3001010303230121,0.3734562249055981,Mageregere,334.2668271738813,895.062941468915,Peri-urban,,,,0.0,0.0
38230,33138,30.00640869140625,-2.034789427934234,3001010303230130,0.3734562249055981,Mageregere,334.2668271738813,895.062941468915,Peri-urban,,,,0.0,0.0
38231,33138,30.01190185546875,-2.034789427934234,3001010303230131,0.3734562249055981,Mageregere,255.13446058888866,683.1709945479722,Peri-urban,,,,0.0,0.0
38232,33138,30.01739501953125,-2.034789427934234,3001010303231020,0.3734562249055981,Mageregere,399.11870333346644,1068.7161619393419,Peri-urban,,,,0.0,0.0
38233,33138,30.02288818359375,-2.034789427934234,3001010303231021,0.3734562249055981,Mageregere,399.11870333346644,1068.7161619393419,Peri-urban,,,,0.0,0.0
38234,33138,30.02838134765625,-2.034789427934234,3001010303231030,0.3734562249055981,Mageregere,501.9081245348107,1343.9543675076848,Peri-urban,,,,0.0,0.0
38235,33138,30.03387451171875,-2.034789427934234,3001010303231031,0.3734562249055981,Mageregere,370.94103350865026,993.2650971406792,Peri-urban,,,,0.0,0.0
38236,33138,30.03936767578125,-2.034789427934234,3001010303231120,0.3734562249055981,Mageregere,370.94103350865026,993.2650971406792,Peri-urban,,,,0.0,0.0
38237,33138,30.04486083984375,-2.034789427934234,3001010303231121,0.3734562249055981,Mageregere,411.495073222553,1101.856243865182,Peri-urban,,,,0.0,0.0
38238,33138,30.05035400390625,-2.034789427934234,3001010303231130,0.3734562249055981,Mageregere,403.420085448328,1080.2339298275297,Peri-urban,,,,0.0,0.0
38239,33138,30.05584716796875,-2.034789427934234,3001010303231131,0.3734562249055981,Mageregere,403.420085448328,1080.2339298275297,Peri-urban,,,,0.0,0.0
38240,33138,30.06134033203125,-2.034789427934234,3001010303320020,0.3734562249055981,Mageregere,609.2812144743401,1631.4662170334786,Urban,13.266,4.349,19.0,1.0,1.0
38241,33138,30.06683349609375,-2.034789427934234,3001010303320021,0.3734562249055981,Mageregere,658.2881362019523,1762.691561422905,Urban,,,,0.0,0.0
38242,33138,30.07232666015625,-2.034789427934234,3001010303320030,0.3734562249055981,Mageregere,658.2881362019523,1762.691561422905,Urban,,,,0.0,0.0
38243,33138,30.07781982421875,-2.034789427934234,3001010303320031,0.3734562249055981,Mageregere,774.8350210677851,2074.7679899127324,Urban,,,,0.0,0.0
38244,33138,30.08331298828125,-2.034789427934234,3001010303320120,0.3734562249055981,Gahanga,774.8350210677851,2074.7679899127324,Urban,22.915,2.816,20.0,2.0,1.0
38245,33138,30.08880615234375,-2.034789427934234,3001010303320121,0.3734562249055981,Gahanga,1246.5530728785275,3337.882701496353,Urban,10.866,0.535,30.0,1.0,1.0
38246,33138,30.09429931640625,-2.034789427934234,3001010303320130,0.3734562249055981,Gahanga,1100.1415494183227,2945.8380287981954,Urban,168.596,113.494,20.0,1.0,1.0
38247,33138,30.09979248046875,-2.034789427934234,3001010303320131,0.3734562249055981,Gahanga,1100.1415494183227,2945.8380287981954,Urban,,,,0.0,0.0
38248,33138,30.10528564453125,-2.034789427934234,3001010303321020,0.3734562249055981,Gahanga,1078.254636594015,2887.2316611313017,Urban,,,,0.0,0.0
38249,33138,30.11077880859375,-2.034789427934234,3001010303321021,0.3734562249055981,Gahanga,1382.0388045210243,3700.6714906690195,Urban,,,,0.0,0.0
38250,33138,30.11627197265625,-2.034789427934234,3001010303321030,0.3734562249055981,Gahanga,1382.0388045210243,3700.6714906690195,Urban,,,,0.0,0.0
38251,33138,30.12176513671875,-2.034789427934234,3001010303321031,0.3734562249055981,Gahanga,697.0090339614454,1866.3741222619456,Urban,,,,0.0,0.0
38252,33138,30.12725830078125,-2.034789427934234,3001010303321120,0.3734562249055981,Gahanga,621.5030325038662,1664.1924569900236,Urban,,,,0.0,0.0
38253,33138,30.13275146484375,-2.034789427934234,3001010303321121,0.3734562249055981,Gahanga,621.5030325038662,1664.1924569900236,Urban,,,,0.0,0.0
38254,33138,30.13824462890625,-2.034789427934234,3001010303321130,0.3734562249055981,Gahanga,8.193901914874093,21.940729243287723,Rural,,,,0.0,0.0
38255,33138,30.14373779296875,-2.034789427934234,3001010303321131,0.3734562249055981,Gahanga,2.0683602385111644,5.538427533331389,Rural,,,,0.0,0.0
38256,33138,30.14923095703125,-2.034789427934234,3001010303330020,0.3734562249055981,Gahanga,2.0683602385111644,5.538427533331389,Rural,,,,0.0,0.0
38257,33138,30.15472412109375,-2.034789427934234,3001010303330021,0.3734562249055981,Kanombe,63.056518292388496,168.84580865756854,Rural,,,,0.0,0.0
38261,33138,30.17669677734375,-2.034789427934234,3001010303330121,0.3734562249055981,Masaka,5.545251743721323,14.848465158461467,Rural,,,,0.0,0.0
38262,33138,30.18218994140625,-2.034789427934234,3001010303330130,0.3734562249055981,Masaka,5.545251743721323,14.848465158461467,Rural,,,,0.0,0.0
38263,33138,30.18768310546875,-2.034789427934234,3001010303330131,0.3734562249055981,Masaka,211.5214708058637,566.388927803605,Peri-urban,,,,0.0,0.0
38264,33138,30.19317626953125,-2.034789427934234,3001010303331020,0.3734562249055981,Masaka,416.2115733068864,1114.4855689903038,Peri-urban,,,,0.0,0.0
38265,33138,30.19866943359375,-2.034789427934234,3001010303331021,0.3734562249055981,Masaka,416.2115733068864,1114.4855689903038,Peri-urban,,,,0.0,0.0
38266,33138,30.20416259765625,-2.034789427934234,3001010303331030,0.3734562249055981,Masaka,393.37397442380484,1053.3335587678089,Peri-urban,,,,0.0,0.0
38267,33138,30.20965576171875,-2.034789427934234,3001010303331031,0.3734562249055981,Masaka,340.23391116740294,911.0409426256235,Peri-urban,,,,0.0,0.0
38268,33138,30.21514892578125,-2.034789427934234,3001010303331120,0.3734562249055981,Masaka,340.23391116740294,911.0409426256235,Peri-urban,,,,0.0,0.0
38269,33138,30.22064208984375,-2.034789427934234,3001010303331121,0.3734562249055981,Masaka,393.53594434568527,1053.76726400842,Peri-urban,159.121,15.052,18.0,2.0,1.0
38270,33138,30.22613525390625,-2.034789427934234,3001010303331130,0.3734562249055981,Masaka,220.7218693585451,591.0247430320353,Peri-urban,,,,0.0,0.0
38227,33139,29.98992919921875,-2.040279118941826,3001010303230033,0.37345367890263187,Mageregere,86.87118412112491,232.61568710847877,Rural,,,,0.0,0.0
38228,33139,29.99542236328125,-2.040279118941826,3001010303230122,0.37345367890263187,Mageregere,236.5411082750657,633.3880789985136,Peri-urban,,,,0.0,0.0
38229,33139,30.00091552734375,-2.040279118941826,3001010303230123,0.37345367890263187,Mageregere,334.2656877554873,895.0659924885576,Peri-urban,,,,0.0,0.0
38230,33139,30.00640869140625,-2.040279118941826,3001010303230132,0.37345367890263187,Mageregere,334.2656877554873,895.0659924885576,Peri-urban,,,,0.0,0.0
38231,33139,30.01190185546875,-2.040279118941826,3001010303230133,0.37345367890263187,Mageregere,255.1335909097171,683.1733232871336,Peri-urban,,,,0.0,0.0
38232,33139,30.01739501953125,-2.040279118941826,3001010303231022,0.37345367890263187,Mageregere,399.11734285388843,1068.7198048943244,Peri-urban,,,,0.0,0.0
38233,33139,30.02288818359375,-2.040279118941826,3001010303231023,0.37345367890263187,Mageregere,399.11734285388843,1068.7198048943244,Peri-urban,,,,0.0,0.0
38234,33139,30.02838134765625,-2.040279118941826,3001010303231032,0.37345367890263187,Mageregere,501.90641367599164,1343.9589486728564,Peri-urban,,,,0.0,0.0
38235,33139,30.03387451171875,-2.040279118941826,3001010303231033,0.37345367890263187,Mageregere,370.93976907855335,993.26848290405,Peri-urban,,,,0.0,0.0
38236,33139,30.03936767578125,-2.040279118941826,3001010303231122,0.37345367890263187,Mageregere,370.93976907855335,993.26848290405,Peri-urban,,,,0.0,0.0
38237,33139,30.04486083984375,-2.040279118941826,3001010303231123,0.37345367890263187,Mageregere,411.49367055552966,1101.8599997854506,Peri-urban,,,,0.0,0.0
38238,33139,30.05035400390625,-2.040279118941826,3001010303231132,0.37345367890263187,Mageregere,403.41871030658945,1080.237612043367,Peri-urban,,,,0.0,0.0
38239,33139,30.05584716796875,-2.040279118941826,3001010303231133,0.37345367890263187,Mageregere,403.41871030658945,1080.237612043367,Peri-urban,,,,0.0,0.0
38240,33139,30.06134033203125,-2.040279118941826,3001010303320022,0.37345367890263187,Mageregere,609.2791376118863,1631.4717782462646,Urban,,,,0.0,0.0
38241,33139,30.06683349609375,-2.040279118941826,3001010303320023,0.37345367890263187,Mageregere,658.2858922891558,1762.6975699462484,Urban,,,,0.0,0.0
38242,33139,30.07232666015625,-2.040279118941826,3001010303320032,0.37345367890263187,Mageregere,658.2858922891558,1762.6975699462484,Urban,,,,0.0,0.0
38243,33139,30.07781982421875,-2.040279118941826,3001010303320033,0.37345367890263187,Mageregere,774.8323798805551,2074.775062217481,Urban,,,,0.0,0.0
38244,33139,30.08331298828125,-2.040279118941826,3001010303320122,0.37345367890263187,Gahanga,774.8323798805551,2074.775062217481,Urban,,,,0.0,0.0
38245,33139,30.08880615234375,-2.040279118941826,3001010303320123,0.37345367890263187,Gahanga,1246.548823741656,3337.8940794064597,Urban,,,,0.0,0.0
38246,33139,30.09429931640625,-2.040279118941826,3001010303320132,0.37345367890263187,Gahanga,1100.1377993557514,2945.848070337481,Urban,,,,0.0,0.0
38247,33139,30.09979248046875,-2.040279118941826,3001010303320133,0.37345367890263187,Gahanga,1100.1377993557514,2945.848070337481,Urban,,,,0.0,0.0
38248,33139,30.10528564453125,-2.040279118941826,3001010303321022,0.37345367890263187,Gahanga,1078.2509611375638,2887.2415028978444,Urban,6.095,2.107,32.0,8.0,1.0
38249,33139,30.11077880859375,-2.040279118941826,3001010303321023,0.37345367890263187,Gahanga,1382.0340935526986,3700.684105224807,Urban,,,,0.0,0.0
38250,33139,30.11627197265625,-2.040279118941826,3001010303321032,0.37345367890263187,Gahanga,1382.0340935526986,3700.684105224807,Urban,,,,0.0,0.0
38251,33139,30.12176513671875,-2.040279118941826,3001010303321033,0.37345367890263187,Gahanga,697.0066580603702,1866.3804842101883,Urban,,,,0.0,0.0
38252,33139,30.12725830078125,-2.040279118941826,3001010303321122,0.37345367890263187,Gahanga,621.5009139807895,1664.1981297574239,Urban,,,,0.0,0.0
38253,33139,30.13275146484375,-2.040279118941826,3001010303321123,0.37345367890263187,Gahanga,621.5009139807895,1664.1981297574239,Urban,,,,0.0,0.0
38255,33139,30.14373779296875,-2.040279118941826,3001010303321133,0.37345367890263187,Gahanga,2.0683531880726838,5.538446412284379,Rural,,,,0.0,0.0
38263,33139,30.18768310546875,-2.040279118941826,3001010303330133,0.37345367890263187,Masaka,211.52074979068965,566.3908584653093,Peri-urban,,,,0.0,0.0
38264,33139,30.19317626953125,-2.040279118941826,3001010303331022,0.37345367890263187,Masaka,416.2101545626861,1114.4893679604154,Peri-urban,,,,0.0,0.0
38265,33139,30.19866943359375,-2.040279118941826,3001010303331023,0.37345367890263187,Masaka,416.2101545626861,1114.4893679604154,Peri-urban,,,,0.0,0.0
38266,33139,30.20416259765625,-2.040279118941826,3001010303331032,0.37345367890263187,Masaka,393.37263352633687,1053.3371492877925,Peri-urban,,,,0.0,0.0
38267,33139,30.20965576171875,-2.040279118941826,3001010303331033,0.37345367890263187,Masaka,340.23275140895504,911.0440481098104,Peri-urban,,,,0.0,0.0
38268,33139,30.21514892578125,-2.040279118941826,3001010303331122,0.37345367890263187,Masaka,340.23275140895504,911.0440481098104,Peri-urban,,,,0.0,0.0
38269,33139,30.22064208984375,-2.040279118941826,3001010303331123,0.37345367890263187,Masaka,393.534602896109,1053.7708560067838,Peri-urban,,,,0.0,0.0
38270,33139,30.22613525390625,-2.040279118941826,3001010303331132,0.37345367890263187,Masaka,220.7211169818883,591.0267576703548,Peri-urban,,,,0.0,0.0
38226,33140,29.98443603515625,-2.0457687912114615,3001010303230210,0.3734511260603596,Mageregere,158.2766876494834,423.8216907234648,Peri-urban,,,,0.0,0.0
38227,33140,29.98992919921875,-2.0457687912114615,3001010303230211,0.3734511260603596,Mageregere,158.2766876494834,423.8216907234648,Peri-urban,,,,0.0,0.0
38228,33140,29.99542236328125,-2.0457687912114615,3001010303230300,0.3734511260603596,Mageregere,402.4410357418382,1077.6270511948949,Peri-urban,,,,0.0,0.0
38229,33140,30.00091552734375,-2.0457687912114615,3001010303230301,0.3734511260603596,Mageregere,246.4238664450388,659.8557327825815,Peri-urban,,,,0.0,0.0
38230,33140,30.00640869140625,-2.0457687912114615,3001010303230310,0.3734511260603596,Mageregere,246.4238664450388,659.8557327825815,Peri-urban,,,,0.0,0.0
38231,33140,30.01190185546875,-2.0457687912114615,3001010303230311,0.3734511260603596,Mageregere,329.5810581857787,882.5279539591205,Peri-urban,,,,0.0,0.0
38232,33140,30.01739501953125,-2.0457687912114615,3001010303231200,0.3734511260603596,Mageregere,319.72305433294383,856.1309151904073,Peri-urban,,,,0.0,0.0
38233,33140,30.02288818359375,-2.0457687912114615,3001010303231201,0.3734511260603596,Mageregere,319.72305433294383,856.1309151904073,Peri-urban,,,,0.0,0.0
38234,33140,30.02838134765625,-2.0457687912114615,3001010303231210,0.3734511260603596,Mageregere,313.01330266739876,838.1640349286497,Peri-urban,,,,0.0,0.0
38235,33140,30.03387451171875,-2.0457687912114615,3001010303231211,0.3734511260603596,Mageregere,361.84473938217474,968.9212700986502,Peri-urban,,,,0.0,0.0
38236,33140,30.03936767578125,-2.0457687912114615,3001010303231300,0.3734511260603596,Mageregere,361.84473938217474,968.9212700986502,Peri-urban,,,,0.0,0.0
38237,33140,30.04486083984375,-2.0457687912114615,3001010303231301,0.3734511260603596,Mageregere,421.4627389010547,1128.5619710059066,Peri-urban,,,,0.0,0.0
38238,33140,30.05035400390625,-2.0457687912114615,3001010303231310,0.3734511260603596,Mageregere,813.4598012343274,2178.2229171879662,Urban,,,,0.0,0.0
38239,33140,30.05584716796875,-2.0457687912114615,3001010303231311,0.3734511260603596,Mageregere,813.4598012343274,2178.2229171879662,Urban,,,,0.0,0.0
38240,33140,30.06134033203125,-2.0457687912114615,3001010303320200,0.3734511260603596,Mageregere,805.042652758102,2155.6840951337385,Urban,,,,0.0,0.0
38241,33140,30.06683349609375,-2.0457687912114615,3001010303320201,0.3734511260603596,Mageregere,925.9584845559473,2479.4636297502766,Urban,,,,0.0,0.0
38242,33140,30.07232666015625,-2.0457687912114615,3001010303320210,0.3734511260603596,Mageregere,925.9584845559473,2479.4636297502766,Urban,,,,0.0,0.0
38243,33140,30.07781982421875,-2.0457687912114615,3001010303320211,0.3734511260603596,Mageregere,793.7444339325438,2125.430554477037,Urban,,,,0.0,0.0
38244,33140,30.08331298828125,-2.0457687912114615,3001010303320300,0.3734511260603596,Gahanga,793.7444339325438,2125.430554477037,Urban,,,,0.0,0.0
38245,33140,30.08880615234375,-2.0457687912114615,3001010303320301,0.3734511260603596,Gahanga,868.1606462986817,2324.696823001048,Urban,,,,0.0,0.0
38246,33140,30.09429931640625,-2.0457687912114615,3001010303320310,0.3734511260603596,Gahanga,925.7481118793817,2478.9003092462394,Urban,,,,0.0,0.0
38247,33140,30.09979248046875,-2.0457687912114615,3001010303320311,0.3734511260603596,Gahanga,925.7481118793817,2478.9003092462394,Urban,,,,0.0,0.0
38248,33140,30.10528564453125,-2.0457687912114615,3001010303321200,0.3734511260603596,Gahanga,719.5219437419341,1926.6830209681584,Urban,,,,0.0,0.0
38249,33140,30.11077880859375,-2.0457687912114615,3001010303321201,0.3734511260603596,Gahanga,861.701479337047,2307.4009400570753,Urban,,,,0.0,0.0
38250,33140,30.11627197265625,-2.0457687912114615,3001010303321210,0.3734511260603596,Gahanga,861.701479337047,2307.4009400570753,Urban,,,,0.0,0.0
38251,33140,30.12176513671875,-2.0457687912114615,3001010303321211,0.3734511260603596,Gahanga,282.6288066241145,756.8026627892245,Peri-urban,,,,0.0,0.0
38252,33140,30.12725830078125,-2.0457687912114615,3001010303321300,0.3734511260603596,Gahanga,38.86976414745073,104.08259993080955,Rural,,,,0.0,0.0
38264,33140,30.19317626953125,-2.0457687912114615,3001010303331200,0.3734511260603596,Masaka,257.3265558204789,689.0501537245015,Peri-urban,,,,0.0,0.0
38265,33140,30.19866943359375,-2.0457687912114615,3001010303331201,0.3734511260603596,Masaka,257.3265558204789,689.0501537245015,Peri-urban,,,,0.0,0.0
38266,33140,30.20416259765625,-2.0457687912114615,3001010303331210,0.3734511260603596,Masaka,469.9187121541419,1258.3138176913426,Peri-urban,,,,0.0,0.0
38267,33140,30.20965576171875,-2.0457687912114615,3001010303331211,0.3734511260603596,Masaka,443.8347683571033,1188.4681485345632,Peri-urban,,,,0.0,0.0
38268,33140,30.21514892578125,-2.0457687912114615,3001010303331300,0.3734511260603596,Masaka,443.8347683571033,1188.4681485345632,Peri-urban,,,,0.0,0.0
38269,33140,30.22064208984375,-2.0457687912114615,3001010303331301,0.3734511260603596,Masaka,359.5562294118996,962.7932661629886,Peri-urban,,,,0.0,0.0
38270,33140,30.22613525390625,-2.0457687912114615,3001010303331310,0.3734511260603596,Masaka,92.79180804220005,248.4710891652324,Rural,,,,0.0,0.0
38227,33141,29.98992919921875,-2.0512584446928064,3001010303230213,0.3734485663789683,Mageregere,229.32048104795726,614.0617522554561,Peri-urban,,,,0.0,0.0
38228,33141,29.99542236328125,-2.0512584446928064,3001010303230302,0.3734485663789683,Mageregere,246.81230611149246,660.900397890488,Peri-urban,,,,0.0,0.0
38229,33141,30.00091552734375,-2.0512584446928064,3001010303230303,0.3734485663789683,Mageregere,272.4407281808929,729.5267747913254,Peri-urban,,,,0.0,0.0
38230,33141,30.00640869140625,-2.0512584446928064,3001010303230312,0.3734485663789683,Mageregere,272.4407281808929,729.5267747913254,Peri-urban,,,,0.0,0.0
38231,33141,30.01190185546875,-2.0512584446928064,3001010303230313,0.3734485663789683,Mageregere,317.75528502578743,850.8675990024703,Peri-urban,,,,0.0,0.0
38232,33141,30.01739501953125,-2.0512584446928064,3001010303231202,0.3734485663789683,Mageregere,375.6180060277379,1005.8092059900108,Peri-urban,,,,0.0,0.0
38233,33141,30.02288818359375,-2.0512584446928064,3001010303231203,0.3734485663789683,Mageregere,375.6180060277379,1005.8092059900108,Peri-urban,,,,0.0,0.0
38234,33141,30.02838134765625,-2.0512584446928064,3001010303231212,0.3734485663789683,Mageregere,366.9101173463933,982.4917013446508,Peri-urban,,,,0.0,0.0
38235,33141,30.03387451171875,-2.0512584446928064,3001010303231213,0.3734485663789683,Mageregere,300.12113068635284,803.6478318725042,Peri-urban,,,,0.0,0.0
38236,33141,30.03936767578125,-2.0512584446928064,3001010303231302,0.3734485663789683,Mageregere,300.12113068635284,803.6478318725042,Peri-urban,,,,0.0,0.0
38237,33141,30.04486083984375,-2.0512584446928064,3001010303231303,0.3734485663789683,Mageregere,272.5320921555235,729.7714242098958,Peri-urban,,,,0.0,0.0
38238,33141,30.05035400390625,-2.0512584446928064,3001010303231312,0.3734485663789683,Mageregere,519.1881669377339,1390.2534744526824,Peri-urban,,,,0.0,0.0
38239,33141,30.05584716796875,-2.0512584446928064,3001010303231313,0.3734485663789683,Mageregere,519.1881669377339,1390.2534744526824,Peri-urban,1.779,2.575,43.0,4.0,1.0
38240,33141,30.06134033203125,-2.0512584446928064,3001010303320202,0.3734485663789683,Mageregere,586.9764470702964,1571.7731969404435,Urban,,,,0.0,0.0
38241,33141,30.06683349609375,-2.0512584446928064,3001010303320203,0.3734485663789683,Mageregere,938.456058980546,2512.9459408025127,Urban,,,,0.0,0.0
38242,33141,30.07232666015625,-2.0512584446928064,3001010303320212,0.3734485663789683,Mageregere,938.456058980546,2512.9459408025127,Urban,,,,0.0,0.0
38243,33141,30.07781982421875,-2.0512584446928064,3001010303320213,0.3734485663789683,Mageregere,550.6881385975519,1474.6023634181645,Peri-urban,,,,0.0,0.0
38244,33141,30.08331298828125,-2.0512584446928064,3001010303320302,0.3734485663789683,Gahanga,550.6881385975519,1474.6023634181645,Peri-urban,,,,0.0,0.0
38245,33141,30.08880615234375,-2.0512584446928064,3001010303320303,0.3734485663789683,Gahanga,296.4840493306217,793.9086557632022,Peri-urban,,,,0.0,0.0
38246,33141,30.09429931640625,-2.0512584446928064,3001010303320312,0.3734485663789683,Gahanga,88.00668210547023,235.65944557988416,Rural,,,,0.0,0.0
38247,33141,30.09979248046875,-2.0512584446928064,3001010303320313,0.3734485663789683,Gahanga,88.00668210547023,235.65944557988416,Rural,,,,0.0,0.0
38248,33141,30.10528564453125,-2.0512584446928064,3001010303321202,0.3734485663789683,Gahanga,0.6561534466090848,1.7570115557579438,Rural,,,,0.0,0.0
38249,33141,30.11077880859375,-2.0512584446928064,3001010303321203,0.3734485663789683,Gahanga,3.501630144090851,9.376472315969384,Rural,,,,0.0,0.0
38250,33141,30.11627197265625,-2.0512584446928064,3001010303321212,0.3734485663789683,Gahanga,3.501630144090851,9.376472315969384,Rural,,,,0.0,0.0
38251,33141,30.12176513671875,-2.0512584446928064,3001010303321213,0.3734485663789683,Gahanga,0.16118782365509415,0.4316198753097472,Rural,,,,0.0,0.0
38252,33141,30.12725830078125,-2.0512584446928064,3001010303321302,0.3734485663789683,Gahanga,2.9676710521047944,7.946666072064286,Rural,,,,0.0,0.0
38264,33141,30.19317626953125,-2.0512584446928064,3001010303331202,0.3734485663789683,Masaka,95.81371906178265,256.5646990984905,Rural,,,,0.0,0.0
38265,33141,30.19866943359375,-2.0512584446928064,3001010303331203,0.3734485663789683,Masaka,95.81371906178265,256.5646990984905,Rural,,,,0.0,0.0
38266,33141,30.20416259765625,-2.0512584446928064,3001010303331212,0.3734485663789683,Masaka,577.1584487404249,1545.483101827564,Urban,,,,0.0,0.0
38267,33141,30.20965576171875,-2.0512584446928064,3001010303331213,0.3734485663789683,Masaka,347.0420284403484,929.2900272863197,Peri-urban,,,,0.0,0.0
38268,33141,30.21514892578125,-2.0512584446928064,3001010303331302,0.3734485663789683,Masaka,347.0420284403484,929.2900272863197,Peri-urban,,,,0.0,0.0
38269,33141,30.22064208984375,-2.0512584446928064,3001010303331303,0.3734485663789683,Masaka,267.7106412384741,716.8608085291365,Peri-urban,,,,0.0,0.0
38270,33141,30.22613525390625,-2.0512584446928064,3001010303331312,0.3734485663789683,Masaka,281.41734542196434,753.5638659712715,Peri-urban,,,,0.0,0.0
38227,33142,29.98992919921875,-2.056748079335531,3001010303230231,0.3734459998586461,Mageregere,229.31969304562028,614.0638623319585,Peri-urban,,,,0.0,0.0
38228,33142,29.99542236328125,-2.056748079335531,3001010303230320,0.3734459998586461,Mageregere,246.8114580028843,660.9026689168059,Peri-urban,,,,0.0,0.0
38229,33142,30.00091552734375,-2.056748079335531,3001010303230321,0.3734459998586461,Mageregere,272.439792006638,729.5292816357916,Peri-urban,,,,0.0,0.0
38230,33142,30.00640869140625,-2.056748079335531,3001010303230330,0.3734459998586461,Mageregere,272.439792006638,729.5292816357916,Peri-urban,,,,0.0,0.0
38231,33142,30.01190185546875,-2.056748079335531,3001010303230331,0.3734459998586461,Mageregere,317.7541931394194,850.8705228056887,Peri-urban,,,,0.0,0.0
38232,33142,30.01739501953125,-2.056748079335531,3001010303231220,0.3734459998586461,Mageregere,375.6167153106366,1005.8126622130432,Peri-urban,,,,0.0,0.0
38233,33142,30.02288818359375,-2.056748079335531,3001010303231221,0.3734459998586461,Mageregere,375.6167153106366,1005.8126622130432,Peri-urban,,,,0.0,0.0
38234,33142,30.02838134765625,-2.056748079335531,3001010303231230,0.3734459998586461,Mageregere,366.9088565517682,982.4950774426495,Peri-urban,,,,0.0,0.0
38235,33142,30.03387451171875,-2.056748079335531,3001010303231231,0.3734459998586461,Mageregere,300.1200993953348,803.6505934162742,Peri-urban,,,,0.0,0.0
38236,33142,30.03936767578125,-2.056748079335531,3001010303231320,0.3734459998586461,Mageregere,300.1200993953348,803.6505934162742,Peri-urban,,,,0.0,0.0
38240,33142,30.06134033203125,-2.056748079335531,3001010303320220,0.3734459998586461,Mageregere,586.9744300729053,1571.7785979635137,Urban,,,,0.0,0.0
38241,33142,30.06683349609375,-2.056748079335531,3001010303320221,0.3734459998586461,Mageregere,938.4528342115929,2512.9545759408556,Urban,,,,0.0,0.0
38242,33142,30.07232666015625,-2.056748079335531,3001010303320230,0.3734459998586461,Mageregere,938.4528342115929,2512.9545759408556,Urban,,,,0.0,0.0
38243,33142,30.07781982421875,-2.056748079335531,3001010303320231,0.3734459998586461,Mageregere,550.6862462958343,1474.6074305368802,Peri-urban,,,,0.0,0.0
38244,33142,30.08331298828125,-2.056748079335531,3001010303320320,0.3734459998586461,Gahanga,550.6862462958343,1474.6074305368802,Peri-urban,,,,0.0,0.0
38245,33142,30.08880615234375,-2.056748079335531,3001010303320321,0.3734459998586461,Gahanga,296.4830305375218,793.9113838406203,Peri-urban,,,,0.0,0.0
38246,33142,30.09429931640625,-2.056748079335531,3001010303320330,0.3734459998586461,Gahanga,88.00637969257257,235.6602553672661,Rural,,,,0.0,0.0
38247,33142,30.09979248046875,-2.056748079335531,3001010303320331,0.3734459998586461,Gahanga,88.00637969257257,235.6602553672661,Rural,,,,0.0,0.0
38248,33142,30.10528564453125,-2.056748079335531,3001010303321220,0.3734459998586461,Gahanga,0.656151191902279,1.7570175933083771,Rural,,,,0.0,0.0
38249,33142,30.11077880859375,-2.056748079335531,3001010303321221,0.3734459998586461,Gahanga,3.5016181116168035,9.37650453597631,Rural,,,,0.0,0.0
38250,33142,30.11627197265625,-2.056748079335531,3001010303321230,0.3734459998586461,Gahanga,3.5016181116168035,9.37650453597631,Rural,,,,0.0,0.0
38264,33142,30.19317626953125,-2.056748079335531,3001010303331220,0.3734459998586461,Masaka,95.8133898219599,256.56558072178154,Rural,,,,0.0,0.0
38265,33142,30.19866943359375,-2.056748079335531,3001010303331221,0.3734459998586461,Masaka,95.8133898219599,256.56558072178154,Rural,,,,0.0,0.0
38266,33142,30.20416259765625,-2.056748079335531,3001010303331230,0.3734459998586461,Masaka,577.1564654801233,1545.4884125110032,Urban,,,,0.0,0.0
38267,33142,30.20965576171875,-2.056748079335531,3001010303331231,0.3734459998586461,Masaka,347.04083591742943,929.2932205694763,Peri-urban,,,,0.0,0.0
38268,33142,30.21514892578125,-2.056748079335531,3001010303331320,0.3734459998586461,Masaka,347.04083591742943,929.2932205694763,Peri-urban,,,,0.0,0.0
38269,33142,30.22064208984375,-2.056748079335531,3001010303331321,0.3734459998586461,Masaka,267.709721317977,716.8632718500357,Peri-urban,,,,0.0,0.0
38227,33143,29.98992919921875,-2.0622376950893058,3001010303230233,0.37344342649958123,Mageregere,1.0048532782962085,2.6907777912040323,Rural,,,,0.0,0.0
38228,33143,29.99542236328125,-2.0622376950893058,3001010303230322,0.37344342649958123,Mageregere,264.75875548649714,708.9661691683145,Peri-urban,,,,0.0,0.0
38229,33143,30.00091552734375,-2.0622376950893058,3001010303230323,0.37344342649958123,Mageregere,490.2841050144512,1312.873839044536,Peri-urban,,,,0.0,0.0
38230,33143,30.00640869140625,-2.0622376950893058,3001010303230332,0.37344342649958123,Mageregere,490.2841050144512,1312.873839044536,Peri-urban,,,,0.0,0.0
38231,33143,30.01190185546875,-2.0622376950893058,3001010303230333,0.37344342649958123,Mageregere,376.3832841769431,1007.8722972979286,Peri-urban,,,,0.0,0.0
38232,33143,30.01739501953125,-2.0622376950893058,3001010303231222,0.37344342649958123,Mageregere,430.48626146230555,1152.748263632345,Peri-urban,,,,0.0,0.0
38233,33143,30.02288818359375,-2.0622376950893058,3001010303231223,0.37344342649958123,Mageregere,430.48626146230555,1152.748263632345,Peri-urban,,,,0.0,0.0
38234,33143,30.02838134765625,-2.0622376950893058,3001010303231232,0.37344342649958123,Mageregere,545.2830781502169,1460.1490867341008,Peri-urban,,,,0.0,0.0
38235,33143,30.03387451171875,-2.0622376950893058,3001010303231233,0.37344342649958123,Mageregere,157.929054704574,422.89954380747713,Peri-urban,,,,0.0,0.0
38236,33143,30.03936767578125,-2.0622376950893058,3001010303231322,0.37344342649958123,Mageregere,157.929054704574,422.89954380747713,Peri-urban,,,,0.0,0.0
38240,33143,30.06134033203125,-2.0622376950893058,3001010303320222,0.37344342649958123,Mageregere,13.210231919732106,35.374118226035826,Rural,,,,0.0,0.0
38241,33143,30.06683349609375,-2.0622376950893058,3001010303320223,0.37344342649958123,Mageregere,2.556128457902877,6.844754189041117,Rural,,,,0.0,0.0
38242,33143,30.07232666015625,-2.0622376950893058,3001010303320232,0.37344342649958123,Mageregere,2.556128457902877,6.844754189041117,Rural,,,,0.0,0.0
38243,33143,30.07781982421875,-2.0622376950893058,3001010303320233,0.37344342649958123,Mageregere,16.043506269416042,42.961008632010376,Rural,,,,0.0,0.0
38244,33143,30.08331298828125,-2.0622376950893058,3001010303320322,0.37344342649958123,Mageregere,16.043506269416042,42.961008632010376,Rural,,,,0.0,0.0
38246,33143,30.09429931640625,-2.0622376950893058,3001010303320332,0.37344342649958123,Gahanga,5.84666877408496,15.656103064627157,Rural,,,,0.0,0.0
38266,33143,30.20416259765625,-2.0622376950893058,3001010303331232,0.37344342649958123,Masaka,146.40692003247747,392.04578161892385,Peri-urban,,,,0.0,0.0
38267,33143,30.20965576171875,-2.0622376950893058,3001010303331233,0.37344342649958123,Masaka,136.41285333039326,365.283851985399,Peri-urban,,,,0.0,0.0
38268,33143,30.21514892578125,-2.0622376950893058,3001010303331322,0.37344342649958123,Masaka,136.41285333039326,365.283851985399,Peri-urban,,,,0.0,0.0
38269,33143,30.22064208984375,-2.0622376950893058,3001010303331323,0.37344342649958123,Masaka,0.6737263461259794,1.8040921283340219,Rural,,,,0.0,0.0
38228,33144,29.99542236328125,-2.067727291903801,3001010303232100,0.37344084630196267,Mageregere,6.441375474542143,17.2487170011758,Rural,,,,0.0,0.0
38230,33144,30.00640869140625,-2.067727291903801,3001010303232110,0.37344084630196267,Mageregere,0.5934883218103711,1.5892431898852302,Rural,,,,0.0,0.0
38231,33144,30.01190185546875,-2.067727291903801,3001010303232111,0.37344084630196267,Mageregere,6.908109661799707,18.498537935011637,Rural,,,,0.0,0.0
38232,33144,30.01739501953125,-2.067727291903801,3001010303233000,0.37344084630196267,Mageregere,3.2638199713722233,8.73985800881865,Rural,,,,0.0,0.0
38233,33144,30.02288818359375,-2.067727291903801,3001010303233001,0.37344084630196267,Mageregere,3.2638199713722233,8.73985800881865,Rural,,,,0.0,0.0
38236,33144,30.03936767578125,-2.067727291903801,3001010303233100,0.37344084630196267,Mageregere,53.25898982400665,142.61693746522215,Rural,,,,0.0,0.0
38241,33144,30.06683349609375,-2.067727291903801,3001010303322001,0.37344084630196267,Mageregere,210.233163530982,562.9624225974155,Peri-urban,,,,0.0,0.0
38243,33144,30.07781982421875,-2.067727291903801,3001010303322011,0.37344084630196267,Mageregere,154.91706463699873,414.8369579039928,Peri-urban,,,,0.0,0.0
38266,33144,30.20416259765625,-2.067727291903801,3001010303333010,0.37344084630196267,Masaka,18.011254821328265,48.230543069100804,Rural,,,,0.0,0.0
38267,33144,30.20965576171875,-2.067727291903801,3001010303333011,0.37344084630196267,Masaka,0.2616437567937553,0.7006297232472295,Rural,,,,0.0,0.0
38268,33144,30.21514892578125,-2.067727291903801,3001010303333100,0.37344084630196267,Masaka,0.2616437567937553,0.7006297232472295,Rural,,,,0.0,0.0
38269,33144,30.22064208984375,-2.067727291903801,3001010303333101,0.37344084630196267,Masaka,46.1301852612965,123.5274226644073,Rural,,,,0.0,0.0
38230,33145,30.00640869140625,-2.0732168697286886,3001010303232112,0.3734382592659797,Mageregere,0.5934862660921519,1.5892486947071058,Rural,,,,0.0,0.0
38232,33145,30.01739501953125,-2.0732168697286886,3001010303233002,0.3734382592659797,Mageregere,3.2638086661890666,8.73988828194605,Rural,,,,0.0,0.0
38267,33145,30.20965576171875,-2.0732168697286886,3001010303333013,0.3734382592659797,Masaka,0.2616428505150333,0.7006321500890442,Rural,,,,0.0,0.0
38268,33145,30.21514892578125,-2.0732168697286886,3001010303333102,0.3734382592659797,Masaka,0.2616428505150333,0.7006321500890442,Rural,,,,0.0,0.0
